A,2,"[2016-07-19 08:00:00,2016-07-19 08:20:00)",81.6
A,2,"[2016-07-19 08:20:00,2016-07-19 08:40:00)",80.21
A,2,"[2016-07-19 08:40:00,2016-07-19 09:00:00)",63.45
A,2,"[2016-07-19 09:00:00,2016-07-19 09:20:00)",78.05
A,2,"[2016-07-19 09:20:00,2016-07-19 09:40:00)",69.04
A,2,"[2016-07-19 09:40:00,2016-07-19 10:00:00)",69.66
A,2,"[2016-07-19 17:00:00,2016-07-19 17:20:00)",105.39
A,2,"[2016-07-19 17:20:00,2016-07-19 17:40:00)",83.83
A,2,"[2016-07-19 17:40:00,2016-07-19 18:00:00)",65.67
A,2,"[2016-07-19 18:00:00,2016-07-19 18:20:00)",85.11
A,2,"[2016-07-19 18:20:00,2016-07-19 18:40:00)",50.57
A,2,"[2016-07-19 18:40:00,2016-07-19 19:00:00)",65.07
A,2,"[2016-07-20 08:00:00,2016-07-20 08:20:00)",61.01
A,2,"[2016-07-20 08:20:00,2016-07-20 08:40:00)",332.16
A,2,"[2016-07-20 08:40:00,2016-07-20 09:00:00)",50.99
A,2,"[2016-07-20 09:00:00,2016-07-20 09:20:00)",44.94
A,2,"[2016-07-20 09:20:00,2016-07-20 09:40:00)",85
A,2,"[2016-07-20 09:40:00,2016-07-20 10:00:00)",23.3
A,2,"[2016-07-20 17:00:00,2016-07-20 17:20:00)",50.16
A,2,"[2016-07-20 17:20:00,2016-07-20 17:40:00)",81.35
A,2,"[2016-07-20 17:40:00,2016-07-20 18:00:00)",75.48
A,2,"[2016-07-20 18:00:00,2016-07-20 18:20:00)",67.89
A,2,"[2016-07-20 18:20:00,2016-07-20 18:40:00)",85.1
A,2,"[2016-07-20 18:40:00,2016-07-20 19:00:00)",78.33
A,2,"[2016-07-21 08:00:00,2016-07-21 08:20:00)",116.07
A,2,"[2016-07-21 08:20:00,2016-07-21 08:40:00)",125.1
A,2,"[2016-07-21 08:40:00,2016-07-21 09:00:00)",88.42
A,2,"[2016-07-21 09:00:00,2016-07-21 09:20:00)",71.47
A,2,"[2016-07-21 09:20:00,2016-07-21 09:40:00)",116.58
A,2,"[2016-07-21 09:40:00,2016-07-21 10:00:00)",88.66
A,2,"[2016-07-21 17:00:00,2016-07-21 17:20:00)",58.46
A,2,"[2016-07-21 17:20:00,2016-07-21 17:40:00)",103.07
A,2,"[2016-07-21 17:40:00,2016-07-21 18:00:00)",90.96
A,2,"[2016-07-21 18:00:00,2016-07-21 18:20:00)",63.41
A,2,"[2016-07-21 18:20:00,2016-07-21 18:40:00)",59.08
A,2,"[2016-07-21 18:40:00,2016-07-21 19:00:00)",86.53
A,2,"[2016-07-22 08:00:00,2016-07-22 08:20:00)",75.53
A,2,"[2016-07-22 08:20:00,2016-07-22 08:40:00)",77.43
A,2,"[2016-07-22 08:40:00,2016-07-22 09:00:00)",70.94
A,2,"[2016-07-22 09:00:00,2016-07-22 09:20:00)",69.42
A,2,"[2016-07-22 09:20:00,2016-07-22 09:40:00)",78.81
A,2,"[2016-07-22 09:40:00,2016-07-22 10:00:00)",61.73
A,2,"[2016-07-22 17:00:00,2016-07-22 17:20:00)",75.99
A,2,"[2016-07-22 17:20:00,2016-07-22 17:40:00)",94.22
A,2,"[2016-07-22 17:40:00,2016-07-22 18:00:00)",121.91
A,2,"[2016-07-22 18:00:00,2016-07-22 18:20:00)",69.64
A,2,"[2016-07-22 18:20:00,2016-07-22 18:40:00)",98.93
A,2,"[2016-07-22 18:40:00,2016-07-22 19:00:00)",64.42
A,2,"[2016-07-23 08:00:00,2016-07-23 08:20:00)",60.65
A,2,"[2016-07-23 08:20:00,2016-07-23 08:40:00)",89.38
A,2,"[2016-07-23 08:40:00,2016-07-23 09:00:00)",115.88
A,2,"[2016-07-23 09:00:00,2016-07-23 09:20:00)",109.43
A,2,"[2016-07-23 09:20:00,2016-07-23 09:40:00)",187.89
A,2,"[2016-07-23 09:40:00,2016-07-23 10:00:00)",151.75
A,2,"[2016-07-23 17:00:00,2016-07-23 17:20:00)",65.64
A,2,"[2016-07-23 17:20:00,2016-07-23 17:40:00)",91.22
A,2,"[2016-07-23 17:40:00,2016-07-23 18:00:00)",62.96
A,2,"[2016-07-23 18:00:00,2016-07-23 18:20:00)",49.85
A,2,"[2016-07-23 18:20:00,2016-07-23 18:40:00)",94.12
A,2,"[2016-07-23 18:40:00,2016-07-23 19:00:00)",73.52
A,2,"[2016-07-24 08:00:00,2016-07-24 08:20:00)",63.52
A,2,"[2016-07-24 08:20:00,2016-07-24 08:40:00)",62.11
A,2,"[2016-07-24 08:40:00,2016-07-24 09:00:00)",71.68
A,2,"[2016-07-24 09:00:00,2016-07-24 09:20:00)",60.73
A,2,"[2016-07-24 09:20:00,2016-07-24 09:40:00)",66.59
A,2,"[2016-07-24 09:40:00,2016-07-24 10:00:00)",83.74
A,2,"[2016-07-24 17:00:00,2016-07-24 17:20:00)",73.28
A,2,"[2016-07-24 17:20:00,2016-07-24 17:40:00)",62.3
A,2,"[2016-07-24 17:40:00,2016-07-24 18:00:00)",61.27
A,2,"[2016-07-24 18:00:00,2016-07-24 18:20:00)",63.81
A,2,"[2016-07-24 18:20:00,2016-07-24 18:40:00)",53.88
A,2,"[2016-07-24 18:40:00,2016-07-24 19:00:00)",104.46
A,2,"[2016-07-25 08:00:00,2016-07-25 08:20:00)",197.96
A,2,"[2016-07-25 08:20:00,2016-07-25 08:40:00)",199.17
A,2,"[2016-07-25 08:40:00,2016-07-25 09:00:00)",122.65
A,2,"[2016-07-25 09:00:00,2016-07-25 09:20:00)",81.54
A,2,"[2016-07-25 09:20:00,2016-07-25 09:40:00)",70.12
A,2,"[2016-07-25 09:40:00,2016-07-25 10:00:00)",72.36
A,2,"[2016-07-25 17:00:00,2016-07-25 17:20:00)",65.09
A,2,"[2016-07-25 17:20:00,2016-07-25 17:40:00)",96.96
A,2,"[2016-07-25 17:40:00,2016-07-25 18:00:00)",58.27
A,2,"[2016-07-25 18:00:00,2016-07-25 18:20:00)",61.96
A,2,"[2016-07-25 18:20:00,2016-07-25 18:40:00)",68.63
A,2,"[2016-07-25 18:40:00,2016-07-25 19:00:00)",51.47
A,2,"[2016-07-26 08:00:00,2016-07-26 08:20:00)",91.96
A,2,"[2016-07-26 08:20:00,2016-07-26 08:40:00)",79.57
A,2,"[2016-07-26 08:40:00,2016-07-26 09:00:00)",94.51
A,2,"[2016-07-26 09:00:00,2016-07-26 09:20:00)",120.26
A,2,"[2016-07-26 09:20:00,2016-07-26 09:40:00)",54.53
A,2,"[2016-07-26 09:40:00,2016-07-26 10:00:00)",76.31
A,2,"[2016-07-26 17:00:00,2016-07-26 17:20:00)",75.5
A,2,"[2016-07-26 17:20:00,2016-07-26 17:40:00)",71.77
A,2,"[2016-07-26 17:40:00,2016-07-26 18:00:00)",110.92
A,2,"[2016-07-26 18:00:00,2016-07-26 18:20:00)",109.46
A,2,"[2016-07-26 18:20:00,2016-07-26 18:40:00)",109.12
A,2,"[2016-07-26 18:40:00,2016-07-26 19:00:00)",104.96
A,2,"[2016-07-27 08:00:00,2016-07-27 08:20:00)",82.92
A,2,"[2016-07-27 08:20:00,2016-07-27 08:40:00)",123.38
A,2,"[2016-07-27 08:40:00,2016-07-27 09:00:00)",215.36
A,2,"[2016-07-27 09:00:00,2016-07-27 09:20:00)",86.85
A,2,"[2016-07-27 09:20:00,2016-07-27 09:40:00)",65.98
A,2,"[2016-07-27 09:40:00,2016-07-27 10:00:00)",52.55
A,2,"[2016-07-27 17:00:00,2016-07-27 17:20:00)",95.17
A,2,"[2016-07-27 17:20:00,2016-07-27 17:40:00)",82.45
A,2,"[2016-07-27 17:40:00,2016-07-27 18:00:00)",100.75
A,2,"[2016-07-27 18:00:00,2016-07-27 18:20:00)",93.05
A,2,"[2016-07-27 18:20:00,2016-07-27 18:40:00)",59.87
A,2,"[2016-07-27 18:40:00,2016-07-27 19:00:00)",53.74
A,2,"[2016-07-28 08:00:00,2016-07-28 08:20:00)",82.51
A,2,"[2016-07-28 08:20:00,2016-07-28 08:40:00)",78.57
A,2,"[2016-07-28 08:40:00,2016-07-28 09:00:00)",92.61
A,2,"[2016-07-28 09:00:00,2016-07-28 09:20:00)",78.45
A,2,"[2016-07-28 09:20:00,2016-07-28 09:40:00)",111
A,2,"[2016-07-28 09:40:00,2016-07-28 10:00:00)",80.595
A,2,"[2016-07-28 17:00:00,2016-07-28 17:20:00)",81.97
A,2,"[2016-07-28 17:20:00,2016-07-28 17:40:00)",86.08
A,2,"[2016-07-28 17:40:00,2016-07-28 18:00:00)",82.88
A,2,"[2016-07-28 18:00:00,2016-07-28 18:20:00)",81.44
A,2,"[2016-07-28 18:20:00,2016-07-28 18:40:00)",87.66
A,2,"[2016-07-28 18:40:00,2016-07-28 19:00:00)",76.33
A,2,"[2016-07-29 08:00:00,2016-07-29 08:20:00)",72.5
A,2,"[2016-07-29 08:20:00,2016-07-29 08:40:00)",160.99
A,2,"[2016-07-29 08:40:00,2016-07-29 09:00:00)",90.35
A,2,"[2016-07-29 09:00:00,2016-07-29 09:20:00)",69.62
A,2,"[2016-07-29 09:20:00,2016-07-29 09:40:00)",94.34
A,2,"[2016-07-29 09:40:00,2016-07-29 10:00:00)",64.21
A,2,"[2016-07-29 17:00:00,2016-07-29 17:20:00)",95.37
A,2,"[2016-07-29 17:20:00,2016-07-29 17:40:00)",73.84
A,2,"[2016-07-29 17:40:00,2016-07-29 18:00:00)",110.5
A,2,"[2016-07-29 18:00:00,2016-07-29 18:20:00)",103.91
A,2,"[2016-07-29 18:20:00,2016-07-29 18:40:00)",98.37
A,2,"[2016-07-29 18:40:00,2016-07-29 19:00:00)",99.6
A,2,"[2016-07-30 08:00:00,2016-07-30 08:20:00)",125.36
A,2,"[2016-07-30 08:20:00,2016-07-30 08:40:00)",71.31
A,2,"[2016-07-30 08:40:00,2016-07-30 09:00:00)",85.16
A,2,"[2016-07-30 09:00:00,2016-07-30 09:20:00)",85.03
A,2,"[2016-07-30 09:20:00,2016-07-30 09:40:00)",107.5
A,2,"[2016-07-30 09:40:00,2016-07-30 10:00:00)",142.5
A,2,"[2016-07-30 17:00:00,2016-07-30 17:20:00)",218.94
A,2,"[2016-07-30 17:20:00,2016-07-30 17:40:00)",187.52
A,2,"[2016-07-30 17:40:00,2016-07-30 18:00:00)",120
A,2,"[2016-07-30 18:00:00,2016-07-30 18:20:00)",67.16
A,2,"[2016-07-30 18:20:00,2016-07-30 18:40:00)",77.81
A,2,"[2016-07-30 18:40:00,2016-07-30 19:00:00)",63.32
A,2,"[2016-07-31 08:00:00,2016-07-31 08:20:00)",65.37
A,2,"[2016-07-31 08:20:00,2016-07-31 08:40:00)",70.68
A,2,"[2016-07-31 08:40:00,2016-07-31 09:00:00)",68.48
A,2,"[2016-07-31 09:00:00,2016-07-31 09:20:00)",61.4
A,2,"[2016-07-31 09:20:00,2016-07-31 09:40:00)",75.39
A,2,"[2016-07-31 09:40:00,2016-07-31 10:00:00)",61.36
A,2,"[2016-07-31 17:00:00,2016-07-31 17:20:00)",65.82
A,2,"[2016-07-31 17:20:00,2016-07-31 17:40:00)",55.77
A,2,"[2016-07-31 17:40:00,2016-07-31 18:00:00)",85.5
A,2,"[2016-07-31 18:00:00,2016-07-31 18:20:00)",69.37
A,2,"[2016-07-31 18:20:00,2016-07-31 18:40:00)",48.24
A,2,"[2016-07-31 18:40:00,2016-07-31 19:00:00)",63.41
A,2,"[2016-08-01 08:00:00,2016-08-01 08:20:00)",74.75
A,2,"[2016-08-01 08:20:00,2016-08-01 08:40:00)",149.23
A,2,"[2016-08-01 08:40:00,2016-08-01 09:00:00)",101.7
A,2,"[2016-08-01 09:00:00,2016-08-01 09:20:00)",57.66
A,2,"[2016-08-01 09:20:00,2016-08-01 09:40:00)",55.76
A,2,"[2016-08-01 09:40:00,2016-08-01 10:00:00)",89.58
A,2,"[2016-08-01 17:00:00,2016-08-01 17:20:00)",65.41
A,2,"[2016-08-01 17:20:00,2016-08-01 17:40:00)",64.34
A,2,"[2016-08-01 17:40:00,2016-08-01 18:00:00)",70.07
A,2,"[2016-08-01 18:00:00,2016-08-01 18:20:00)",74.75
A,2,"[2016-08-01 18:20:00,2016-08-01 18:40:00)",84.7
A,2,"[2016-08-01 18:40:00,2016-08-01 19:00:00)",53.08
A,2,"[2016-08-02 08:00:00,2016-08-02 08:20:00)",93.36
A,2,"[2016-08-02 08:20:00,2016-08-02 08:40:00)",85.72
A,2,"[2016-08-02 08:40:00,2016-08-02 09:00:00)",77.5
A,2,"[2016-08-02 09:00:00,2016-08-02 09:20:00)",85.54
A,2,"[2016-08-02 09:20:00,2016-08-02 09:40:00)",150.15
A,2,"[2016-08-02 09:40:00,2016-08-02 10:00:00)",91.74
A,2,"[2016-08-02 17:00:00,2016-08-02 17:20:00)",65.86
A,2,"[2016-08-02 17:20:00,2016-08-02 17:40:00)",74.88
A,2,"[2016-08-02 17:40:00,2016-08-02 18:00:00)",85.5
A,2,"[2016-08-02 18:00:00,2016-08-02 18:20:00)",82.55
A,2,"[2016-08-02 18:20:00,2016-08-02 18:40:00)",64.73
A,2,"[2016-08-02 18:40:00,2016-08-02 19:00:00)",49.33
A,2,"[2016-08-03 08:00:00,2016-08-03 08:20:00)",194.43
A,2,"[2016-08-03 08:20:00,2016-08-03 08:40:00)",130.39
A,2,"[2016-08-03 08:40:00,2016-08-03 09:00:00)",75.22
A,2,"[2016-08-03 09:00:00,2016-08-03 09:20:00)",72.89
A,2,"[2016-08-03 09:20:00,2016-08-03 09:40:00)",104.43
A,2,"[2016-08-03 09:40:00,2016-08-03 10:00:00)",84.78
A,2,"[2016-08-03 17:00:00,2016-08-03 17:20:00)",78.68
A,2,"[2016-08-03 17:20:00,2016-08-03 17:40:00)",56.33
A,2,"[2016-08-03 17:40:00,2016-08-03 18:00:00)",71.71
A,2,"[2016-08-03 18:00:00,2016-08-03 18:20:00)",64.92
A,2,"[2016-08-03 18:20:00,2016-08-03 18:40:00)",50
A,2,"[2016-08-03 18:40:00,2016-08-03 19:00:00)",70.3
A,2,"[2016-08-04 08:00:00,2016-08-04 08:20:00)",100.32
A,2,"[2016-08-04 08:20:00,2016-08-04 08:40:00)",92.03
A,2,"[2016-08-04 08:40:00,2016-08-04 09:00:00)",61.15
A,2,"[2016-08-04 09:00:00,2016-08-04 09:20:00)",147.29
A,2,"[2016-08-04 09:20:00,2016-08-04 09:40:00)",105.16
A,2,"[2016-08-04 09:40:00,2016-08-04 10:00:00)",72.73
A,2,"[2016-08-04 17:00:00,2016-08-04 17:20:00)",78.6
A,2,"[2016-08-04 17:20:00,2016-08-04 17:40:00)",123.56
A,2,"[2016-08-04 17:40:00,2016-08-04 18:00:00)",75.47
A,2,"[2016-08-04 18:00:00,2016-08-04 18:20:00)",66.01
A,2,"[2016-08-04 18:20:00,2016-08-04 18:40:00)",61.83
A,2,"[2016-08-04 18:40:00,2016-08-04 19:00:00)",58.91
A,2,"[2016-08-05 08:00:00,2016-08-05 08:20:00)",98.71
A,2,"[2016-08-05 08:20:00,2016-08-05 08:40:00)",77.32
A,2,"[2016-08-05 08:40:00,2016-08-05 09:00:00)",79.57
A,2,"[2016-08-05 09:00:00,2016-08-05 09:20:00)",83.75
A,2,"[2016-08-05 09:20:00,2016-08-05 09:40:00)",101.41
A,2,"[2016-08-05 09:40:00,2016-08-05 10:00:00)",53.31
A,2,"[2016-08-05 17:00:00,2016-08-05 17:20:00)",81.95
A,2,"[2016-08-05 17:20:00,2016-08-05 17:40:00)",67.65
A,2,"[2016-08-05 17:40:00,2016-08-05 18:00:00)",184.12
A,2,"[2016-08-05 18:00:00,2016-08-05 18:20:00)",93.71
A,2,"[2016-08-05 18:20:00,2016-08-05 18:40:00)",104.31
A,2,"[2016-08-05 18:40:00,2016-08-05 19:00:00)",94.7
A,2,"[2016-08-06 08:00:00,2016-08-06 08:20:00)",56.51
A,2,"[2016-08-06 08:20:00,2016-08-06 08:40:00)",75.58
A,2,"[2016-08-06 08:40:00,2016-08-06 09:00:00)",80.08
A,2,"[2016-08-06 09:00:00,2016-08-06 09:20:00)",139.14
A,2,"[2016-08-06 09:20:00,2016-08-06 09:40:00)",73.75
A,2,"[2016-08-06 09:40:00,2016-08-06 10:00:00)",58.75
A,2,"[2016-08-06 17:00:00,2016-08-06 17:20:00)",57.03
A,2,"[2016-08-06 17:20:00,2016-08-06 17:40:00)",76.52
A,2,"[2016-08-06 17:40:00,2016-08-06 18:00:00)",61.97
A,2,"[2016-08-06 18:00:00,2016-08-06 18:20:00)",61.32
A,2,"[2016-08-06 18:20:00,2016-08-06 18:40:00)",53.61
A,2,"[2016-08-06 18:40:00,2016-08-06 19:00:00)",77.25
A,2,"[2016-08-07 08:00:00,2016-08-07 08:20:00)",57.58
A,2,"[2016-08-07 08:20:00,2016-08-07 08:40:00)",60.67
A,2,"[2016-08-07 08:40:00,2016-08-07 09:00:00)",60.13
A,2,"[2016-08-07 09:00:00,2016-08-07 09:20:00)",101.41
A,2,"[2016-08-07 09:20:00,2016-08-07 09:40:00)",66.78
A,2,"[2016-08-07 09:40:00,2016-08-07 10:00:00)",76.77
A,2,"[2016-08-07 17:00:00,2016-08-07 17:20:00)",69.71
A,2,"[2016-08-07 17:20:00,2016-08-07 17:40:00)",74.81
A,2,"[2016-08-07 17:40:00,2016-08-07 18:00:00)",70.34
A,2,"[2016-08-07 18:00:00,2016-08-07 18:20:00)",59.97
A,2,"[2016-08-07 18:20:00,2016-08-07 18:40:00)",62.2
A,2,"[2016-08-07 18:40:00,2016-08-07 19:00:00)",84.34
A,2,"[2016-08-08 08:00:00,2016-08-08 08:20:00)",159.07
A,2,"[2016-08-08 08:20:00,2016-08-08 08:40:00)",121.2
A,2,"[2016-08-08 08:40:00,2016-08-08 09:00:00)",62.88
A,2,"[2016-08-08 09:00:00,2016-08-08 09:20:00)",70.19
A,2,"[2016-08-08 09:20:00,2016-08-08 09:40:00)",92.74
A,2,"[2016-08-08 09:40:00,2016-08-08 10:00:00)",86.56
A,2,"[2016-08-08 17:00:00,2016-08-08 17:20:00)",63.28
A,2,"[2016-08-08 17:20:00,2016-08-08 17:40:00)",64.37
A,2,"[2016-08-08 17:40:00,2016-08-08 18:00:00)",65.32
A,2,"[2016-08-08 18:00:00,2016-08-08 18:20:00)",63.47
A,2,"[2016-08-08 18:20:00,2016-08-08 18:40:00)",28.21
A,2,"[2016-08-08 18:40:00,2016-08-08 19:00:00)",60.45
A,2,"[2016-08-09 08:00:00,2016-08-09 08:20:00)",128.41
A,2,"[2016-08-09 08:20:00,2016-08-09 08:40:00)",71.42
A,2,"[2016-08-09 08:40:00,2016-08-09 09:00:00)",68.22
A,2,"[2016-08-09 09:00:00,2016-08-09 09:20:00)",83.79
A,2,"[2016-08-09 09:20:00,2016-08-09 09:40:00)",67.32
A,2,"[2016-08-09 09:40:00,2016-08-09 10:00:00)",65.4
A,2,"[2016-08-09 17:00:00,2016-08-09 17:20:00)",66.64
A,2,"[2016-08-09 17:20:00,2016-08-09 17:40:00)",71.27
A,2,"[2016-08-09 17:40:00,2016-08-09 18:00:00)",73.09
A,2,"[2016-08-09 18:00:00,2016-08-09 18:20:00)",84.9
A,2,"[2016-08-09 18:20:00,2016-08-09 18:40:00)",47.73
A,2,"[2016-08-09 18:40:00,2016-08-09 19:00:00)",60.82
A,2,"[2016-08-10 08:00:00,2016-08-10 08:20:00)",145.21
A,2,"[2016-08-10 08:20:00,2016-08-10 08:40:00)",124.74
A,2,"[2016-08-10 08:40:00,2016-08-10 09:00:00)",81.96
A,2,"[2016-08-10 09:00:00,2016-08-10 09:20:00)",80.57
A,2,"[2016-08-10 09:20:00,2016-08-10 09:40:00)",75.38
A,2,"[2016-08-10 09:40:00,2016-08-10 10:00:00)",69.02
A,2,"[2016-08-10 17:00:00,2016-08-10 17:20:00)",77.57
A,2,"[2016-08-10 17:20:00,2016-08-10 17:40:00)",52.84
A,2,"[2016-08-10 17:40:00,2016-08-10 18:00:00)",50.22
A,2,"[2016-08-10 18:00:00,2016-08-10 18:20:00)",57.93
A,2,"[2016-08-10 18:20:00,2016-08-10 18:40:00)",65.06
A,2,"[2016-08-10 18:40:00,2016-08-10 19:00:00)",88.31
A,2,"[2016-08-11 08:00:00,2016-08-11 08:20:00)",59.86
A,2,"[2016-08-11 08:20:00,2016-08-11 08:40:00)",51.26
A,2,"[2016-08-11 08:40:00,2016-08-11 09:00:00)",85.51
A,2,"[2016-08-11 09:00:00,2016-08-11 09:20:00)",88.02
A,2,"[2016-08-11 09:20:00,2016-08-11 09:40:00)",87.39
A,2,"[2016-08-11 09:40:00,2016-08-11 10:00:00)",79.93
A,2,"[2016-08-11 17:00:00,2016-08-11 17:20:00)",122.97
A,2,"[2016-08-11 17:20:00,2016-08-11 17:40:00)",77.45
A,2,"[2016-08-11 17:40:00,2016-08-11 18:00:00)",69.3
A,2,"[2016-08-11 18:00:00,2016-08-11 18:20:00)",63.8
A,2,"[2016-08-11 18:20:00,2016-08-11 18:40:00)",63.71
A,2,"[2016-08-11 18:40:00,2016-08-11 19:00:00)",57.01
A,2,"[2016-08-12 08:00:00,2016-08-12 08:20:00)",71.27
A,2,"[2016-08-12 08:20:00,2016-08-12 08:40:00)",76.43
A,2,"[2016-08-12 08:40:00,2016-08-12 09:00:00)",73.24
A,2,"[2016-08-12 09:00:00,2016-08-12 09:20:00)",64.51
A,2,"[2016-08-12 09:20:00,2016-08-12 09:40:00)",59.51
A,2,"[2016-08-12 09:40:00,2016-08-12 10:00:00)",51.07
A,2,"[2016-08-12 17:00:00,2016-08-12 17:20:00)",67.22
A,2,"[2016-08-12 17:20:00,2016-08-12 17:40:00)",88.11
A,2,"[2016-08-12 17:40:00,2016-08-12 18:00:00)",66.72
A,2,"[2016-08-12 18:00:00,2016-08-12 18:20:00)",102.19
A,2,"[2016-08-12 18:20:00,2016-08-12 18:40:00)",79.07
A,2,"[2016-08-12 18:40:00,2016-08-12 19:00:00)",97.47
A,2,"[2016-08-13 08:00:00,2016-08-13 08:20:00)",71.19
A,2,"[2016-08-13 08:20:00,2016-08-13 08:40:00)",124.48
A,2,"[2016-08-13 08:40:00,2016-08-13 09:00:00)",120.45
A,2,"[2016-08-13 09:00:00,2016-08-13 09:20:00)",101.36
A,2,"[2016-08-13 09:20:00,2016-08-13 09:40:00)",53.31
A,2,"[2016-08-13 09:40:00,2016-08-13 10:00:00)",18.97
A,2,"[2016-08-13 17:00:00,2016-08-13 17:20:00)",70.15
A,2,"[2016-08-13 17:20:00,2016-08-13 17:40:00)",62.04
A,2,"[2016-08-13 17:40:00,2016-08-13 18:00:00)",72.78
A,2,"[2016-08-13 18:00:00,2016-08-13 18:20:00)",51.08
A,2,"[2016-08-13 18:20:00,2016-08-13 18:40:00)",67.61
A,2,"[2016-08-13 18:40:00,2016-08-13 19:00:00)",37.94
A,2,"[2016-08-14 08:00:00,2016-08-14 08:20:00)",85.97
A,2,"[2016-08-14 08:20:00,2016-08-14 08:40:00)",73.93
A,2,"[2016-08-14 08:40:00,2016-08-14 09:00:00)",89.45
A,2,"[2016-08-14 09:00:00,2016-08-14 09:20:00)",65.47
A,2,"[2016-08-14 09:20:00,2016-08-14 09:40:00)",91.29
A,2,"[2016-08-14 09:40:00,2016-08-14 10:00:00)",93.43
A,2,"[2016-08-14 17:00:00,2016-08-14 17:20:00)",52.93
A,2,"[2016-08-14 17:20:00,2016-08-14 17:40:00)",77.02
A,2,"[2016-08-14 17:40:00,2016-08-14 18:00:00)",105.94
A,2,"[2016-08-14 18:00:00,2016-08-14 18:20:00)",47.59
A,2,"[2016-08-14 18:20:00,2016-08-14 18:40:00)",84.46
A,2,"[2016-08-14 18:40:00,2016-08-14 19:00:00)",84.86
A,2,"[2016-08-15 08:00:00,2016-08-15 08:20:00)",104.14
A,2,"[2016-08-15 08:20:00,2016-08-15 08:40:00)",99.86
A,2,"[2016-08-15 08:40:00,2016-08-15 09:00:00)",69.56
A,2,"[2016-08-15 09:00:00,2016-08-15 09:20:00)",98.71
A,2,"[2016-08-15 09:20:00,2016-08-15 09:40:00)",88.14
A,2,"[2016-08-15 09:40:00,2016-08-15 10:00:00)",67.32
A,2,"[2016-08-15 17:00:00,2016-08-15 17:20:00)",61.16
A,2,"[2016-08-15 17:20:00,2016-08-15 17:40:00)",64.41
A,2,"[2016-08-15 17:40:00,2016-08-15 18:00:00)",60.57
A,2,"[2016-08-15 18:00:00,2016-08-15 18:20:00)",52.91
A,2,"[2016-08-15 18:20:00,2016-08-15 18:40:00)",75.17
A,2,"[2016-08-15 18:40:00,2016-08-15 19:00:00)",62.68
A,2,"[2016-08-16 08:00:00,2016-08-16 08:20:00)",61.13
A,2,"[2016-08-16 08:20:00,2016-08-16 08:40:00)",75.16
A,2,"[2016-08-16 08:40:00,2016-08-16 09:00:00)",59
A,2,"[2016-08-16 09:00:00,2016-08-16 09:20:00)",110.4
A,2,"[2016-08-16 09:20:00,2016-08-16 09:40:00)",97.98
A,2,"[2016-08-16 09:40:00,2016-08-16 10:00:00)",76.25
A,2,"[2016-08-16 17:00:00,2016-08-16 17:20:00)",73.91
A,2,"[2016-08-16 17:20:00,2016-08-16 17:40:00)",56.62
A,2,"[2016-08-16 17:40:00,2016-08-16 18:00:00)",62.46
A,2,"[2016-08-16 18:00:00,2016-08-16 18:20:00)",51.37
A,2,"[2016-08-16 18:20:00,2016-08-16 18:40:00)",67.77
A,2,"[2016-08-16 18:40:00,2016-08-16 19:00:00)",62.7
A,2,"[2016-08-17 08:00:00,2016-08-17 08:20:00)",95.47
A,2,"[2016-08-17 08:20:00,2016-08-17 08:40:00)",77.38
A,2,"[2016-08-17 08:40:00,2016-08-17 09:00:00)",97.89
A,2,"[2016-08-17 09:00:00,2016-08-17 09:20:00)",61.62
A,2,"[2016-08-17 09:20:00,2016-08-17 09:40:00)",74.55
A,2,"[2016-08-17 09:40:00,2016-08-17 10:00:00)",60.12
A,2,"[2016-08-17 17:00:00,2016-08-17 17:20:00)",52.23
A,2,"[2016-08-17 17:20:00,2016-08-17 17:40:00)",52.38
A,2,"[2016-08-17 17:40:00,2016-08-17 18:00:00)",65.75
A,2,"[2016-08-17 18:00:00,2016-08-17 18:20:00)",66.48
A,2,"[2016-08-17 18:20:00,2016-08-17 18:40:00)",35.39
A,2,"[2016-08-17 18:40:00,2016-08-17 19:00:00)",61.01
A,2,"[2016-08-18 08:00:00,2016-08-18 08:20:00)",61.15
A,2,"[2016-08-18 08:20:00,2016-08-18 08:40:00)",67.35
A,2,"[2016-08-18 08:40:00,2016-08-18 09:00:00)",80
A,2,"[2016-08-18 09:00:00,2016-08-18 09:20:00)",88.96
A,2,"[2016-08-18 09:20:00,2016-08-18 09:40:00)",82.85
A,2,"[2016-08-18 09:40:00,2016-08-18 10:00:00)",71.41
A,2,"[2016-08-18 17:00:00,2016-08-18 17:20:00)",63.04
A,2,"[2016-08-18 17:20:00,2016-08-18 17:40:00)",60.84
A,2,"[2016-08-18 17:40:00,2016-08-18 18:00:00)",53.87
A,2,"[2016-08-18 18:00:00,2016-08-18 18:20:00)",63.77
A,2,"[2016-08-18 18:20:00,2016-08-18 18:40:00)",52.18
A,2,"[2016-08-18 18:40:00,2016-08-18 19:00:00)",81.77
A,2,"[2016-08-19 08:00:00,2016-08-19 08:20:00)",65.33
A,2,"[2016-08-19 08:20:00,2016-08-19 08:40:00)",74.57
A,2,"[2016-08-19 08:40:00,2016-08-19 09:00:00)",77.09
A,2,"[2016-08-19 09:00:00,2016-08-19 09:20:00)",18.54
A,2,"[2016-08-19 09:20:00,2016-08-19 09:40:00)",108.95
A,2,"[2016-08-19 09:40:00,2016-08-19 10:00:00)",84.76
A,2,"[2016-08-19 17:00:00,2016-08-19 17:20:00)",73.29
A,2,"[2016-08-19 17:20:00,2016-08-19 17:40:00)",77.05
A,2,"[2016-08-19 17:40:00,2016-08-19 18:00:00)",73.97
A,2,"[2016-08-19 18:00:00,2016-08-19 18:20:00)",66.07
A,2,"[2016-08-19 18:20:00,2016-08-19 18:40:00)",64.95
A,2,"[2016-08-19 18:40:00,2016-08-19 19:00:00)",78.37
A,2,"[2016-08-20 08:00:00,2016-08-20 08:20:00)",61.3
A,2,"[2016-08-20 08:20:00,2016-08-20 08:40:00)",108.61
A,2,"[2016-08-20 08:40:00,2016-08-20 09:00:00)",72.87
A,2,"[2016-08-20 09:00:00,2016-08-20 09:20:00)",78.27
A,2,"[2016-08-20 09:20:00,2016-08-20 09:40:00)",146.33
A,2,"[2016-08-20 09:40:00,2016-08-20 10:00:00)",81.98
A,2,"[2016-08-20 17:00:00,2016-08-20 17:20:00)",60.52
A,2,"[2016-08-20 17:20:00,2016-08-20 17:40:00)",73.74
A,2,"[2016-08-20 17:40:00,2016-08-20 18:00:00)",69.11
A,2,"[2016-08-20 18:00:00,2016-08-20 18:20:00)",54.46
A,2,"[2016-08-20 18:20:00,2016-08-20 18:40:00)",82.15
A,2,"[2016-08-20 18:40:00,2016-08-20 19:00:00)",38.16
A,2,"[2016-08-21 08:00:00,2016-08-21 08:20:00)",42.92
A,2,"[2016-08-21 08:20:00,2016-08-21 08:40:00)",60.75
A,2,"[2016-08-21 08:40:00,2016-08-21 09:00:00)",67.26
A,2,"[2016-08-21 09:00:00,2016-08-21 09:20:00)",74.48
A,2,"[2016-08-21 09:20:00,2016-08-21 09:40:00)",63.69
A,2,"[2016-08-21 09:40:00,2016-08-21 10:00:00)",57.86
A,2,"[2016-08-21 17:00:00,2016-08-21 17:20:00)",67.95
A,2,"[2016-08-21 17:20:00,2016-08-21 17:40:00)",51.36
A,2,"[2016-08-21 17:40:00,2016-08-21 18:00:00)",52.66
A,2,"[2016-08-21 18:00:00,2016-08-21 18:20:00)",57.59
A,2,"[2016-08-21 18:20:00,2016-08-21 18:40:00)",43.74
A,2,"[2016-08-21 18:40:00,2016-08-21 19:00:00)",57.33
A,2,"[2016-08-22 08:00:00,2016-08-22 08:20:00)",51.08
A,2,"[2016-08-22 08:20:00,2016-08-22 08:40:00)",65.83
A,2,"[2016-08-22 08:40:00,2016-08-22 09:00:00)",87.64
A,2,"[2016-08-22 09:00:00,2016-08-22 09:20:00)",59.64
A,2,"[2016-08-22 09:20:00,2016-08-22 09:40:00)",51.18
A,2,"[2016-08-22 09:40:00,2016-08-22 10:00:00)",49.35
A,2,"[2016-08-22 17:00:00,2016-08-22 17:20:00)",43.88
A,2,"[2016-08-22 17:20:00,2016-08-22 17:40:00)",55.61
A,2,"[2016-08-22 17:40:00,2016-08-22 18:00:00)",87.87
A,2,"[2016-08-22 18:00:00,2016-08-22 18:20:00)",52.13
A,2,"[2016-08-22 18:20:00,2016-08-22 18:40:00)",79.07
A,2,"[2016-08-22 18:40:00,2016-08-22 19:00:00)",64.95
A,2,"[2016-08-23 08:00:00,2016-08-23 08:20:00)",73.3
A,2,"[2016-08-23 08:20:00,2016-08-23 08:40:00)",80
A,2,"[2016-08-23 08:40:00,2016-08-23 09:00:00)",50.02
A,2,"[2016-08-23 09:00:00,2016-08-23 09:20:00)",56.07
A,2,"[2016-08-23 09:20:00,2016-08-23 09:40:00)",60.73
A,2,"[2016-08-23 09:40:00,2016-08-23 10:00:00)",50.92
A,2,"[2016-08-23 17:00:00,2016-08-23 17:20:00)",59
A,2,"[2016-08-23 17:20:00,2016-08-23 17:40:00)",55.54
A,2,"[2016-08-23 17:40:00,2016-08-23 18:00:00)",72.32
A,2,"[2016-08-23 18:00:00,2016-08-23 18:20:00)",80.28
A,2,"[2016-08-23 18:20:00,2016-08-23 18:40:00)",43.04
A,2,"[2016-08-23 18:40:00,2016-08-23 19:00:00)",65.14
A,2,"[2016-08-24 08:00:00,2016-08-24 08:20:00)",58.66
A,2,"[2016-08-24 08:20:00,2016-08-24 08:40:00)",66.43
A,2,"[2016-08-24 08:40:00,2016-08-24 09:00:00)",64.7
A,2,"[2016-08-24 09:00:00,2016-08-24 09:20:00)",59.1
A,2,"[2016-08-24 09:20:00,2016-08-24 09:40:00)",60.37
A,2,"[2016-08-24 09:40:00,2016-08-24 10:00:00)",54.89
A,2,"[2016-08-24 17:00:00,2016-08-24 17:20:00)",102.18
A,2,"[2016-08-24 17:20:00,2016-08-24 17:40:00)",52.17
A,2,"[2016-08-24 17:40:00,2016-08-24 18:00:00)",61.28
A,2,"[2016-08-24 18:00:00,2016-08-24 18:20:00)",39.79
A,2,"[2016-08-24 18:20:00,2016-08-24 18:40:00)",48.75
A,2,"[2016-08-24 18:40:00,2016-08-24 19:00:00)",51.65
A,2,"[2016-08-25 08:00:00,2016-08-25 08:20:00)",66.15
A,2,"[2016-08-25 08:20:00,2016-08-25 08:40:00)",97.77
A,2,"[2016-08-25 08:40:00,2016-08-25 09:00:00)",60.55
A,2,"[2016-08-25 09:00:00,2016-08-25 09:20:00)",54.81
A,2,"[2016-08-25 09:20:00,2016-08-25 09:40:00)",55.76
A,2,"[2016-08-25 09:40:00,2016-08-25 10:00:00)",49.82
A,2,"[2016-08-25 17:00:00,2016-08-25 17:20:00)",67.38
A,2,"[2016-08-25 17:20:00,2016-08-25 17:40:00)",53.41
A,2,"[2016-08-25 17:40:00,2016-08-25 18:00:00)",54.68
A,2,"[2016-08-25 18:00:00,2016-08-25 18:20:00)",48.62
A,2,"[2016-08-25 18:20:00,2016-08-25 18:40:00)",64.41
A,2,"[2016-08-25 18:40:00,2016-08-25 19:00:00)",58.75
A,2,"[2016-08-26 08:00:00,2016-08-26 08:20:00)",56.51
A,2,"[2016-08-26 08:20:00,2016-08-26 08:40:00)",85.31
A,2,"[2016-08-26 08:40:00,2016-08-26 09:00:00)",56.43
A,2,"[2016-08-26 09:00:00,2016-08-26 09:20:00)",62.13
A,2,"[2016-08-26 09:20:00,2016-08-26 09:40:00)",64.02
A,2,"[2016-08-26 09:40:00,2016-08-26 10:00:00)",48.05
A,2,"[2016-08-26 17:00:00,2016-08-26 17:20:00)",111.08
A,2,"[2016-08-26 17:20:00,2016-08-26 17:40:00)",50.98
A,2,"[2016-08-26 17:40:00,2016-08-26 18:00:00)",65.86
A,2,"[2016-08-26 18:00:00,2016-08-26 18:20:00)",42.35
A,2,"[2016-08-26 18:20:00,2016-08-26 18:40:00)",63.72
A,2,"[2016-08-26 18:40:00,2016-08-26 19:00:00)",65.3
A,2,"[2016-08-27 08:00:00,2016-08-27 08:20:00)",88.98
A,2,"[2016-08-27 08:20:00,2016-08-27 08:40:00)",61.81
A,2,"[2016-08-27 08:40:00,2016-08-27 09:00:00)",137.77
A,2,"[2016-08-27 09:00:00,2016-08-27 09:20:00)",65.18
A,2,"[2016-08-27 09:20:00,2016-08-27 09:40:00)",62.72
A,2,"[2016-08-27 09:40:00,2016-08-27 10:00:00)",83.69
A,2,"[2016-08-27 17:00:00,2016-08-27 17:20:00)",62.84
A,2,"[2016-08-27 17:20:00,2016-08-27 17:40:00)",65.66
A,2,"[2016-08-27 17:40:00,2016-08-27 18:00:00)",65.44
A,2,"[2016-08-27 18:00:00,2016-08-27 18:20:00)",56.7
A,2,"[2016-08-27 18:20:00,2016-08-27 18:40:00)",54.89
A,2,"[2016-08-27 18:40:00,2016-08-27 19:00:00)",74.42
A,2,"[2016-08-28 08:00:00,2016-08-28 08:20:00)",99.49
A,2,"[2016-08-28 08:20:00,2016-08-28 08:40:00)",48.31
A,2,"[2016-08-28 08:40:00,2016-08-28 09:00:00)",57.66
A,2,"[2016-08-28 09:00:00,2016-08-28 09:20:00)",62.75
A,2,"[2016-08-28 09:20:00,2016-08-28 09:40:00)",104.03
A,2,"[2016-08-28 09:40:00,2016-08-28 10:00:00)",275.22
A,2,"[2016-08-28 17:00:00,2016-08-28 17:20:00)",69.35
A,2,"[2016-08-28 17:20:00,2016-08-28 17:40:00)",52.2
A,2,"[2016-08-28 17:40:00,2016-08-28 18:00:00)",67.91
A,2,"[2016-08-28 18:00:00,2016-08-28 18:20:00)",49.75
A,2,"[2016-08-28 18:20:00,2016-08-28 18:40:00)",69.39
A,2,"[2016-08-28 18:40:00,2016-08-28 19:00:00)",66.57
A,2,"[2016-08-29 08:00:00,2016-08-29 08:20:00)",121.42
A,2,"[2016-08-29 08:20:00,2016-08-29 08:40:00)",141.33
A,2,"[2016-08-29 08:40:00,2016-08-29 09:00:00)",228.31
A,2,"[2016-08-29 09:00:00,2016-08-29 09:20:00)",150.39
A,2,"[2016-08-29 09:20:00,2016-08-29 09:40:00)",132.9
A,2,"[2016-08-29 09:40:00,2016-08-29 10:00:00)",303
A,2,"[2016-08-29 17:00:00,2016-08-29 17:20:00)",59.25
A,2,"[2016-08-29 17:20:00,2016-08-29 17:40:00)",24.28
A,2,"[2016-08-29 17:40:00,2016-08-29 18:00:00)",53.93
A,2,"[2016-08-29 18:00:00,2016-08-29 18:20:00)",68.2
A,2,"[2016-08-29 18:20:00,2016-08-29 18:40:00)",80.56
A,2,"[2016-08-29 18:40:00,2016-08-29 19:00:00)",76.47
A,2,"[2016-08-30 08:00:00,2016-08-30 08:20:00)",115.74
A,2,"[2016-08-30 08:20:00,2016-08-30 08:40:00)",76.74
A,2,"[2016-08-30 08:40:00,2016-08-30 09:00:00)",70.11
A,2,"[2016-08-30 09:00:00,2016-08-30 09:20:00)",61.5
A,2,"[2016-08-30 09:20:00,2016-08-30 09:40:00)",67.76
A,2,"[2016-08-30 09:40:00,2016-08-30 10:00:00)",76.19
A,2,"[2016-08-30 17:00:00,2016-08-30 17:20:00)",65.28
A,2,"[2016-08-30 17:20:00,2016-08-30 17:40:00)",81.73
A,2,"[2016-08-30 17:40:00,2016-08-30 18:00:00)",46.23
A,2,"[2016-08-30 18:00:00,2016-08-30 18:20:00)",43.56
A,2,"[2016-08-30 18:20:00,2016-08-30 18:40:00)",75.82
A,2,"[2016-08-30 18:40:00,2016-08-30 19:00:00)",49.65
A,2,"[2016-08-31 08:00:00,2016-08-31 08:20:00)",85.46
A,2,"[2016-08-31 08:20:00,2016-08-31 08:40:00)",122.44
A,2,"[2016-08-31 08:40:00,2016-08-31 09:00:00)",173.13
A,2,"[2016-08-31 09:00:00,2016-08-31 09:20:00)",64.17
A,2,"[2016-08-31 09:20:00,2016-08-31 09:40:00)",223.65
A,2,"[2016-08-31 09:40:00,2016-08-31 10:00:00)",122.47
A,2,"[2016-08-31 17:00:00,2016-08-31 17:20:00)",61.78
A,2,"[2016-08-31 17:20:00,2016-08-31 17:40:00)",58.82
A,2,"[2016-08-31 17:40:00,2016-08-31 18:00:00)",50.75
A,2,"[2016-08-31 18:00:00,2016-08-31 18:20:00)",211.03
A,2,"[2016-08-31 18:20:00,2016-08-31 18:40:00)",53.63
A,2,"[2016-08-31 18:40:00,2016-08-31 19:00:00)",48.83
A,2,"[2016-09-01 08:00:00,2016-09-01 08:20:00)",65.81
A,2,"[2016-09-01 08:20:00,2016-09-01 08:40:00)",109.01
A,2,"[2016-09-01 08:40:00,2016-09-01 09:00:00)",125.49
A,2,"[2016-09-01 09:00:00,2016-09-01 09:20:00)",64.5
A,2,"[2016-09-01 09:20:00,2016-09-01 09:40:00)",88.63
A,2,"[2016-09-01 09:40:00,2016-09-01 10:00:00)",57.18
A,2,"[2016-09-01 17:00:00,2016-09-01 17:20:00)",51.51
A,2,"[2016-09-01 17:20:00,2016-09-01 17:40:00)",59.3
A,2,"[2016-09-01 17:40:00,2016-09-01 18:00:00)",72.74
A,2,"[2016-09-01 18:00:00,2016-09-01 18:20:00)",44.53
A,2,"[2016-09-01 18:20:00,2016-09-01 18:40:00)",46.61
A,2,"[2016-09-01 18:40:00,2016-09-01 19:00:00)",40.8
A,2,"[2016-09-02 08:00:00,2016-09-02 08:20:00)",76.28
A,2,"[2016-09-02 08:20:00,2016-09-02 08:40:00)",114.32
A,2,"[2016-09-02 08:40:00,2016-09-02 09:00:00)",89.9
A,2,"[2016-09-02 09:00:00,2016-09-02 09:20:00)",94.45
A,2,"[2016-09-02 09:20:00,2016-09-02 09:40:00)",78.88
A,2,"[2016-09-02 09:40:00,2016-09-02 10:00:00)",114.13
A,2,"[2016-09-02 17:00:00,2016-09-02 17:20:00)",100.4
A,2,"[2016-09-02 17:20:00,2016-09-02 17:40:00)",87.2
A,2,"[2016-09-02 17:40:00,2016-09-02 18:00:00)",66.15
A,2,"[2016-09-02 18:00:00,2016-09-02 18:20:00)",72.82
A,2,"[2016-09-02 18:20:00,2016-09-02 18:40:00)",32.18
A,2,"[2016-09-02 18:40:00,2016-09-02 19:00:00)",58.15
A,2,"[2016-09-03 08:00:00,2016-09-03 08:20:00)",72.88
A,2,"[2016-09-03 08:20:00,2016-09-03 08:40:00)",62.61
A,2,"[2016-09-03 08:40:00,2016-09-03 09:00:00)",75.29
A,2,"[2016-09-03 09:00:00,2016-09-03 09:20:00)",71.54
A,2,"[2016-09-03 09:20:00,2016-09-03 09:40:00)",100.29
A,2,"[2016-09-03 09:40:00,2016-09-03 10:00:00)",84.75
A,2,"[2016-09-03 17:00:00,2016-09-03 17:20:00)",52.53
A,2,"[2016-09-03 17:20:00,2016-09-03 17:40:00)",55.87
A,2,"[2016-09-03 17:40:00,2016-09-03 18:00:00)",48.22
A,2,"[2016-09-03 18:00:00,2016-09-03 18:20:00)",55.88
A,2,"[2016-09-03 18:20:00,2016-09-03 18:40:00)",59.82
A,2,"[2016-09-03 18:40:00,2016-09-03 19:00:00)",53.44
A,2,"[2016-09-04 08:00:00,2016-09-04 08:20:00)",74.38
A,2,"[2016-09-04 08:20:00,2016-09-04 08:40:00)",56.8
A,2,"[2016-09-04 08:40:00,2016-09-04 09:00:00)",57.57
A,2,"[2016-09-04 09:00:00,2016-09-04 09:20:00)",59.02
A,2,"[2016-09-04 09:20:00,2016-09-04 09:40:00)",60.81
A,2,"[2016-09-04 09:40:00,2016-09-04 10:00:00)",58.45
A,2,"[2016-09-04 17:00:00,2016-09-04 17:20:00)",61.15
A,2,"[2016-09-04 17:20:00,2016-09-04 17:40:00)",41.29
A,2,"[2016-09-04 17:40:00,2016-09-04 18:00:00)",21.45
A,2,"[2016-09-04 18:00:00,2016-09-04 18:20:00)",41.5
A,2,"[2016-09-04 18:20:00,2016-09-04 18:40:00)",62.71
A,2,"[2016-09-04 18:40:00,2016-09-04 19:00:00)",100.21
A,2,"[2016-09-05 08:00:00,2016-09-05 08:20:00)",54.19
A,2,"[2016-09-05 08:20:00,2016-09-05 08:40:00)",55.09
A,2,"[2016-09-05 08:40:00,2016-09-05 09:00:00)",130.06
A,2,"[2016-09-05 09:00:00,2016-09-05 09:20:00)",54.64
A,2,"[2016-09-05 09:20:00,2016-09-05 09:40:00)",40.5
A,2,"[2016-09-05 09:40:00,2016-09-05 10:00:00)",140.28
A,2,"[2016-09-05 17:00:00,2016-09-05 17:20:00)",64.58
A,2,"[2016-09-05 17:20:00,2016-09-05 17:40:00)",52.53
A,2,"[2016-09-05 17:40:00,2016-09-05 18:00:00)",44.02
A,2,"[2016-09-05 18:00:00,2016-09-05 18:20:00)",51.6
A,2,"[2016-09-05 18:20:00,2016-09-05 18:40:00)",87.22
A,2,"[2016-09-05 18:40:00,2016-09-05 19:00:00)",54.19
A,2,"[2016-09-06 08:00:00,2016-09-06 08:20:00)",46.91
A,2,"[2016-09-06 08:20:00,2016-09-06 08:40:00)",60.75
A,2,"[2016-09-06 08:40:00,2016-09-06 09:00:00)",53.77
A,2,"[2016-09-06 09:00:00,2016-09-06 09:20:00)",59.53
A,2,"[2016-09-06 09:20:00,2016-09-06 09:40:00)",78.64
A,2,"[2016-09-06 09:40:00,2016-09-06 10:00:00)",61.81
A,2,"[2016-09-06 17:00:00,2016-09-06 17:20:00)",50.55
A,2,"[2016-09-06 17:20:00,2016-09-06 17:40:00)",76.22
A,2,"[2016-09-06 17:40:00,2016-09-06 18:00:00)",30.38
A,2,"[2016-09-06 18:00:00,2016-09-06 18:20:00)",37.08
A,2,"[2016-09-06 18:20:00,2016-09-06 18:40:00)",44.97
A,2,"[2016-09-06 18:40:00,2016-09-06 19:00:00)",51.71
A,2,"[2016-09-07 08:00:00,2016-09-07 08:20:00)",73.95
A,2,"[2016-09-07 08:20:00,2016-09-07 08:40:00)",61.9
A,2,"[2016-09-07 08:40:00,2016-09-07 09:00:00)",54.6
A,2,"[2016-09-07 09:00:00,2016-09-07 09:20:00)",63.37
A,2,"[2016-09-07 09:20:00,2016-09-07 09:40:00)",59.51
A,2,"[2016-09-07 09:40:00,2016-09-07 10:00:00)",64.9
A,2,"[2016-09-07 17:00:00,2016-09-07 17:20:00)",79.19
A,2,"[2016-09-07 17:20:00,2016-09-07 17:40:00)",99.75
A,2,"[2016-09-07 17:40:00,2016-09-07 18:00:00)",125.74
A,2,"[2016-09-07 18:00:00,2016-09-07 18:20:00)",69.55
A,2,"[2016-09-07 18:20:00,2016-09-07 18:40:00)",53.07
A,2,"[2016-09-07 18:40:00,2016-09-07 19:00:00)",56.48
A,2,"[2016-09-08 08:00:00,2016-09-08 08:20:00)",52.45
A,2,"[2016-09-08 08:20:00,2016-09-08 08:40:00)",73.21
A,2,"[2016-09-08 08:40:00,2016-09-08 09:00:00)",66.09
A,2,"[2016-09-08 09:00:00,2016-09-08 09:20:00)",74.6
A,2,"[2016-09-08 09:20:00,2016-09-08 09:40:00)",62.96
A,2,"[2016-09-08 09:40:00,2016-09-08 10:00:00)",72.67
A,2,"[2016-09-08 17:00:00,2016-09-08 17:20:00)",85.01
A,2,"[2016-09-08 17:20:00,2016-09-08 17:40:00)",102.35
A,2,"[2016-09-08 17:40:00,2016-09-08 18:00:00)",84.39
A,2,"[2016-09-08 18:00:00,2016-09-08 18:20:00)",79.17
A,2,"[2016-09-08 18:20:00,2016-09-08 18:40:00)",60.15
A,2,"[2016-09-08 18:40:00,2016-09-08 19:00:00)",84.82
A,2,"[2016-09-09 08:00:00,2016-09-09 08:20:00)",65.45
A,2,"[2016-09-09 08:20:00,2016-09-09 08:40:00)",65.48
A,2,"[2016-09-09 08:40:00,2016-09-09 09:00:00)",98.68
A,2,"[2016-09-09 09:00:00,2016-09-09 09:20:00)",60.71
A,2,"[2016-09-09 09:20:00,2016-09-09 09:40:00)",90.12
A,2,"[2016-09-09 09:40:00,2016-09-09 10:00:00)",72.95
A,2,"[2016-09-09 17:00:00,2016-09-09 17:20:00)",36.3
A,2,"[2016-09-09 17:20:00,2016-09-09 17:40:00)",85.76
A,2,"[2016-09-09 17:40:00,2016-09-09 18:00:00)",61.58
A,2,"[2016-09-09 18:00:00,2016-09-09 18:20:00)",61.3
A,2,"[2016-09-09 18:20:00,2016-09-09 18:40:00)",52.03
A,2,"[2016-09-09 18:40:00,2016-09-09 19:00:00)",59.51
A,2,"[2016-09-10 08:00:00,2016-09-10 08:20:00)",67.52
A,2,"[2016-09-10 08:20:00,2016-09-10 08:40:00)",74.92
A,2,"[2016-09-10 08:40:00,2016-09-10 09:00:00)",91.58
A,2,"[2016-09-10 09:00:00,2016-09-10 09:20:00)",86.04
A,2,"[2016-09-10 09:20:00,2016-09-10 09:40:00)",113.27
A,2,"[2016-09-10 09:40:00,2016-09-10 10:00:00)",87.99
A,2,"[2016-09-10 17:00:00,2016-09-10 17:20:00)",81.39
A,2,"[2016-09-10 17:20:00,2016-09-10 17:40:00)",77.43
A,2,"[2016-09-10 17:40:00,2016-09-10 18:00:00)",85.07
A,2,"[2016-09-10 18:00:00,2016-09-10 18:20:00)",99.03
A,2,"[2016-09-10 18:20:00,2016-09-10 18:40:00)",70.23
A,2,"[2016-09-10 18:40:00,2016-09-10 19:00:00)",63.15
A,2,"[2016-09-11 08:00:00,2016-09-11 08:20:00)",79.07
A,2,"[2016-09-11 08:20:00,2016-09-11 08:40:00)",76.61
A,2,"[2016-09-11 08:40:00,2016-09-11 09:00:00)",90.98
A,2,"[2016-09-11 09:00:00,2016-09-11 09:20:00)",75.44
A,2,"[2016-09-11 09:20:00,2016-09-11 09:40:00)",65.55
A,2,"[2016-09-11 09:40:00,2016-09-11 10:00:00)",68.39
A,2,"[2016-09-11 17:00:00,2016-09-11 17:20:00)",93.53
A,2,"[2016-09-11 17:20:00,2016-09-11 17:40:00)",66.87
A,2,"[2016-09-11 17:40:00,2016-09-11 18:00:00)",87.23
A,2,"[2016-09-11 18:00:00,2016-09-11 18:20:00)",73.82
A,2,"[2016-09-11 18:20:00,2016-09-11 18:40:00)",84.32
A,2,"[2016-09-11 18:40:00,2016-09-11 19:00:00)",78.68
A,2,"[2016-09-12 08:00:00,2016-09-12 08:20:00)",113.81
A,2,"[2016-09-12 08:20:00,2016-09-12 08:40:00)",81.77
A,2,"[2016-09-12 08:40:00,2016-09-12 09:00:00)",73.35
A,2,"[2016-09-12 09:00:00,2016-09-12 09:20:00)",104.02
A,2,"[2016-09-12 09:20:00,2016-09-12 09:40:00)",76.5
A,2,"[2016-09-12 09:40:00,2016-09-12 10:00:00)",104.84
A,2,"[2016-09-12 17:00:00,2016-09-12 17:20:00)",68.16
A,2,"[2016-09-12 17:20:00,2016-09-12 17:40:00)",88.92
A,2,"[2016-09-12 17:40:00,2016-09-12 18:00:00)",77.73
A,2,"[2016-09-12 18:00:00,2016-09-12 18:20:00)",61.61
A,2,"[2016-09-12 18:20:00,2016-09-12 18:40:00)",66.56
A,2,"[2016-09-12 18:40:00,2016-09-12 19:00:00)",58.57
A,2,"[2016-09-13 08:00:00,2016-09-13 08:20:00)",74.19
A,2,"[2016-09-13 08:20:00,2016-09-13 08:40:00)",53.86
A,2,"[2016-09-13 08:40:00,2016-09-13 09:00:00)",76.81
A,2,"[2016-09-13 09:00:00,2016-09-13 09:20:00)",64.56
A,2,"[2016-09-13 09:20:00,2016-09-13 09:40:00)",101.4
A,2,"[2016-09-13 09:40:00,2016-09-13 10:00:00)",70.11
A,2,"[2016-09-13 17:00:00,2016-09-13 17:20:00)",82.84
A,2,"[2016-09-13 17:20:00,2016-09-13 17:40:00)",54.44
A,2,"[2016-09-13 17:40:00,2016-09-13 18:00:00)",70.16
A,2,"[2016-09-13 18:00:00,2016-09-13 18:20:00)",77.49
A,2,"[2016-09-13 18:20:00,2016-09-13 18:40:00)",73.69
A,2,"[2016-09-13 18:40:00,2016-09-13 19:00:00)",63.7
A,2,"[2016-09-14 08:00:00,2016-09-14 08:20:00)",63.35
A,2,"[2016-09-14 08:20:00,2016-09-14 08:40:00)",62.07
A,2,"[2016-09-14 08:40:00,2016-09-14 09:00:00)",68.27
A,2,"[2016-09-14 09:00:00,2016-09-14 09:20:00)",61.7
A,2,"[2016-09-14 09:20:00,2016-09-14 09:40:00)",59.49
A,2,"[2016-09-14 09:40:00,2016-09-14 10:00:00)",64
A,2,"[2016-09-14 17:00:00,2016-09-14 17:20:00)",106.52
A,2,"[2016-09-14 17:20:00,2016-09-14 17:40:00)",75.99
A,2,"[2016-09-14 17:40:00,2016-09-14 18:00:00)",68.17
A,2,"[2016-09-14 18:00:00,2016-09-14 18:20:00)",81.59
A,2,"[2016-09-14 18:20:00,2016-09-14 18:40:00)",57.67
A,2,"[2016-09-14 18:40:00,2016-09-14 19:00:00)",68.51
A,2,"[2016-09-15 08:00:00,2016-09-15 08:20:00)",97.49
A,2,"[2016-09-15 08:20:00,2016-09-15 08:40:00)",176.87
A,2,"[2016-09-15 08:40:00,2016-09-15 09:00:00)",132.68
A,2,"[2016-09-15 09:00:00,2016-09-15 09:20:00)",164.51
A,2,"[2016-09-15 09:20:00,2016-09-15 09:40:00)",105.71
A,2,"[2016-09-15 09:40:00,2016-09-15 10:00:00)",170.96
A,2,"[2016-09-15 17:00:00,2016-09-15 17:20:00)",56.84
A,2,"[2016-09-15 17:20:00,2016-09-15 17:40:00)",72.8
A,2,"[2016-09-15 17:40:00,2016-09-15 18:00:00)",87.97
A,2,"[2016-09-15 18:00:00,2016-09-15 18:20:00)",113.34
A,2,"[2016-09-15 18:20:00,2016-09-15 18:40:00)",60.37
A,2,"[2016-09-15 18:40:00,2016-09-15 19:00:00)",60.5
A,2,"[2016-09-16 08:00:00,2016-09-16 08:20:00)",55.88
A,2,"[2016-09-16 08:20:00,2016-09-16 08:40:00)",61.95
A,2,"[2016-09-16 08:40:00,2016-09-16 09:00:00)",87.17
A,2,"[2016-09-16 09:00:00,2016-09-16 09:20:00)",73.97
A,2,"[2016-09-16 09:20:00,2016-09-16 09:40:00)",71.71
A,2,"[2016-09-16 09:40:00,2016-09-16 10:00:00)",71.05
A,2,"[2016-09-16 17:00:00,2016-09-16 17:20:00)",56.29
A,2,"[2016-09-16 17:20:00,2016-09-16 17:40:00)",76.81
A,2,"[2016-09-16 17:40:00,2016-09-16 18:00:00)",59.54
A,2,"[2016-09-16 18:00:00,2016-09-16 18:20:00)",60.83
A,2,"[2016-09-16 18:20:00,2016-09-16 18:40:00)",57.41
A,2,"[2016-09-16 18:40:00,2016-09-16 19:00:00)",53.59
A,2,"[2016-09-17 08:00:00,2016-09-17 08:20:00)",64.92
A,2,"[2016-09-17 08:20:00,2016-09-17 08:40:00)",67.52
A,2,"[2016-09-17 08:40:00,2016-09-17 09:00:00)",76.63
A,2,"[2016-09-17 09:00:00,2016-09-17 09:20:00)",102.03
A,2,"[2016-09-17 09:20:00,2016-09-17 09:40:00)",67.75
A,2,"[2016-09-17 09:40:00,2016-09-17 10:00:00)",72.98
A,2,"[2016-09-17 17:00:00,2016-09-17 17:20:00)",86.76
A,2,"[2016-09-17 17:20:00,2016-09-17 17:40:00)",63.42
A,2,"[2016-09-17 17:40:00,2016-09-17 18:00:00)",62.57
A,2,"[2016-09-17 18:00:00,2016-09-17 18:20:00)",60.64
A,2,"[2016-09-17 18:20:00,2016-09-17 18:40:00)",64.17
A,2,"[2016-09-17 18:40:00,2016-09-17 19:00:00)",79.91
A,2,"[2016-09-18 08:00:00,2016-09-18 08:20:00)",64.33
A,2,"[2016-09-18 08:20:00,2016-09-18 08:40:00)",55.8
A,2,"[2016-09-18 08:40:00,2016-09-18 09:00:00)",66.17
A,2,"[2016-09-18 09:00:00,2016-09-18 09:20:00)",71.92
A,2,"[2016-09-18 09:20:00,2016-09-18 09:40:00)",65.83
A,2,"[2016-09-18 09:40:00,2016-09-18 10:00:00)",58.52
A,2,"[2016-09-18 17:00:00,2016-09-18 17:20:00)",53.89
A,2,"[2016-09-18 17:20:00,2016-09-18 17:40:00)",66.41
A,2,"[2016-09-18 17:40:00,2016-09-18 18:00:00)",68.2
A,2,"[2016-09-18 18:00:00,2016-09-18 18:20:00)",58.45
A,2,"[2016-09-18 18:20:00,2016-09-18 18:40:00)",52.49
A,2,"[2016-09-18 18:40:00,2016-09-18 19:00:00)",62.36
A,2,"[2016-09-19 08:00:00,2016-09-19 08:20:00)",102.49
A,2,"[2016-09-19 08:20:00,2016-09-19 08:40:00)",61.68
A,2,"[2016-09-19 08:40:00,2016-09-19 09:00:00)",76.21
A,2,"[2016-09-19 09:00:00,2016-09-19 09:20:00)",66.97
A,2,"[2016-09-19 09:20:00,2016-09-19 09:40:00)",69.78
A,2,"[2016-09-19 09:40:00,2016-09-19 10:00:00)",141.19
A,2,"[2016-09-19 17:00:00,2016-09-19 17:20:00)",63.53
A,2,"[2016-09-19 17:20:00,2016-09-19 17:40:00)",63.54
A,2,"[2016-09-19 17:40:00,2016-09-19 18:00:00)",64.11
A,2,"[2016-09-19 18:00:00,2016-09-19 18:20:00)",58.54
A,2,"[2016-09-19 18:20:00,2016-09-19 18:40:00)",54.96
A,2,"[2016-09-19 18:40:00,2016-09-19 19:00:00)",78.85
A,2,"[2016-09-20 08:00:00,2016-09-20 08:20:00)",58.94
A,2,"[2016-09-20 08:20:00,2016-09-20 08:40:00)",70.15
A,2,"[2016-09-20 08:40:00,2016-09-20 09:00:00)",77.05
A,2,"[2016-09-20 09:00:00,2016-09-20 09:20:00)",83.06
A,2,"[2016-09-20 09:20:00,2016-09-20 09:40:00)",70.83
A,2,"[2016-09-20 09:40:00,2016-09-20 10:00:00)",85.52
A,2,"[2016-09-20 17:00:00,2016-09-20 17:20:00)",65.65
A,2,"[2016-09-20 17:20:00,2016-09-20 17:40:00)",59.27
A,2,"[2016-09-20 17:40:00,2016-09-20 18:00:00)",60.11
A,2,"[2016-09-20 18:00:00,2016-09-20 18:20:00)",77.01
A,2,"[2016-09-20 18:20:00,2016-09-20 18:40:00)",64.21
A,2,"[2016-09-20 18:40:00,2016-09-20 19:00:00)",62.39
A,2,"[2016-09-21 08:00:00,2016-09-21 08:20:00)",55.45
A,2,"[2016-09-21 08:20:00,2016-09-21 08:40:00)",66.75
A,2,"[2016-09-21 08:40:00,2016-09-21 09:00:00)",64.25
A,2,"[2016-09-21 09:00:00,2016-09-21 09:20:00)",108.22
A,2,"[2016-09-21 09:20:00,2016-09-21 09:40:00)",61.66
A,2,"[2016-09-21 09:40:00,2016-09-21 10:00:00)",94.26
A,2,"[2016-09-21 17:00:00,2016-09-21 17:20:00)",69.95
A,2,"[2016-09-21 17:20:00,2016-09-21 17:40:00)",56.71
A,2,"[2016-09-21 17:40:00,2016-09-21 18:00:00)",70.97
A,2,"[2016-09-21 18:00:00,2016-09-21 18:20:00)",78.48
A,2,"[2016-09-21 18:20:00,2016-09-21 18:40:00)",56.71
A,2,"[2016-09-21 18:40:00,2016-09-21 19:00:00)",66.62
A,2,"[2016-09-22 08:00:00,2016-09-22 08:20:00)",68.53
A,2,"[2016-09-22 08:20:00,2016-09-22 08:40:00)",71.83
A,2,"[2016-09-22 08:40:00,2016-09-22 09:00:00)",65.26
A,2,"[2016-09-22 09:00:00,2016-09-22 09:20:00)",66.88
A,2,"[2016-09-22 09:20:00,2016-09-22 09:40:00)",75.39
A,2,"[2016-09-22 09:40:00,2016-09-22 10:00:00)",48.42
A,2,"[2016-09-22 17:00:00,2016-09-22 17:20:00)",60.87
A,2,"[2016-09-22 17:20:00,2016-09-22 17:40:00)",74.19
A,2,"[2016-09-22 17:40:00,2016-09-22 18:00:00)",47.05
A,2,"[2016-09-22 18:00:00,2016-09-22 18:20:00)",89.46
A,2,"[2016-09-22 18:20:00,2016-09-22 18:40:00)",61.37
A,2,"[2016-09-22 18:40:00,2016-09-22 19:00:00)",73.63
A,2,"[2016-09-23 08:00:00,2016-09-23 08:20:00)",69.99
A,2,"[2016-09-23 08:20:00,2016-09-23 08:40:00)",63.91
A,2,"[2016-09-23 08:40:00,2016-09-23 09:00:00)",86.29
A,2,"[2016-09-23 09:00:00,2016-09-23 09:20:00)",73.52
A,2,"[2016-09-23 09:20:00,2016-09-23 09:40:00)",76.72
A,2,"[2016-09-23 09:40:00,2016-09-23 10:00:00)",81.83
A,2,"[2016-09-23 17:00:00,2016-09-23 17:20:00)",92.98
A,2,"[2016-09-23 17:20:00,2016-09-23 17:40:00)",74.58
A,2,"[2016-09-23 17:40:00,2016-09-23 18:00:00)",88
A,2,"[2016-09-23 18:00:00,2016-09-23 18:20:00)",85.46
A,2,"[2016-09-23 18:20:00,2016-09-23 18:40:00)",55.16
A,2,"[2016-09-23 18:40:00,2016-09-23 19:00:00)",64.95
A,2,"[2016-09-24 08:00:00,2016-09-24 08:20:00)",66.84
A,2,"[2016-09-24 08:20:00,2016-09-24 08:40:00)",60.53
A,2,"[2016-09-24 08:40:00,2016-09-24 09:00:00)",66.74
A,2,"[2016-09-24 09:00:00,2016-09-24 09:20:00)",86.92
A,2,"[2016-09-24 09:20:00,2016-09-24 09:40:00)",75.89
A,2,"[2016-09-24 09:40:00,2016-09-24 10:00:00)",147.38
A,2,"[2016-09-24 17:00:00,2016-09-24 17:20:00)",67.91
A,2,"[2016-09-24 17:20:00,2016-09-24 17:40:00)",78.42
A,2,"[2016-09-24 17:40:00,2016-09-24 18:00:00)",77.52
A,2,"[2016-09-24 18:00:00,2016-09-24 18:20:00)",64.73
A,2,"[2016-09-24 18:20:00,2016-09-24 18:40:00)",64.17
A,2,"[2016-09-24 18:40:00,2016-09-24 19:00:00)",79.91
A,2,"[2016-09-25 08:00:00,2016-09-25 08:20:00)",52.72
A,2,"[2016-09-25 08:20:00,2016-09-25 08:40:00)",73.42
A,2,"[2016-09-25 08:40:00,2016-09-25 09:00:00)",74.7
A,2,"[2016-09-25 09:00:00,2016-09-25 09:20:00)",99.63
A,2,"[2016-09-25 09:20:00,2016-09-25 09:40:00)",111.74
A,2,"[2016-09-25 09:40:00,2016-09-25 10:00:00)",84
A,2,"[2016-09-25 17:00:00,2016-09-25 17:20:00)",85.78
A,2,"[2016-09-25 17:20:00,2016-09-25 17:40:00)",66.09
A,2,"[2016-09-25 17:40:00,2016-09-25 18:00:00)",56.52
A,2,"[2016-09-25 18:00:00,2016-09-25 18:20:00)",75.71
A,2,"[2016-09-25 18:20:00,2016-09-25 18:40:00)",60.7
A,2,"[2016-09-25 18:40:00,2016-09-25 19:00:00)",70.81
A,2,"[2016-09-26 08:00:00,2016-09-26 08:20:00)",99.71
A,2,"[2016-09-26 08:20:00,2016-09-26 08:40:00)",118.74
A,2,"[2016-09-26 08:40:00,2016-09-26 09:00:00)",108.1
A,2,"[2016-09-26 09:00:00,2016-09-26 09:20:00)",112.43
A,2,"[2016-09-26 09:20:00,2016-09-26 09:40:00)",118.77
A,2,"[2016-09-26 09:40:00,2016-09-26 10:00:00)",61.56
A,2,"[2016-09-26 17:00:00,2016-09-26 17:20:00)",59.77
A,2,"[2016-09-26 17:20:00,2016-09-26 17:40:00)",67.04
A,2,"[2016-09-26 17:40:00,2016-09-26 18:00:00)",56.25
A,2,"[2016-09-26 18:00:00,2016-09-26 18:20:00)",71.27
A,2,"[2016-09-26 18:20:00,2016-09-26 18:40:00)",68.98
A,2,"[2016-09-26 18:40:00,2016-09-26 19:00:00)",131.77
A,2,"[2016-09-27 08:00:00,2016-09-27 08:20:00)",85.51
A,2,"[2016-09-27 08:20:00,2016-09-27 08:40:00)",102.5
A,2,"[2016-09-27 08:40:00,2016-09-27 09:00:00)",81.75
A,2,"[2016-09-27 09:00:00,2016-09-27 09:20:00)",72.47
A,2,"[2016-09-27 09:20:00,2016-09-27 09:40:00)",68.74
A,2,"[2016-09-27 09:40:00,2016-09-27 10:00:00)",76.25
A,2,"[2016-09-27 17:00:00,2016-09-27 17:20:00)",72.16
A,2,"[2016-09-27 17:20:00,2016-09-27 17:40:00)",51.75
A,2,"[2016-09-27 17:40:00,2016-09-27 18:00:00)",62.59
A,2,"[2016-09-27 18:00:00,2016-09-27 18:20:00)",56.45
A,2,"[2016-09-27 18:20:00,2016-09-27 18:40:00)",101.11
A,2,"[2016-09-27 18:40:00,2016-09-27 19:00:00)",71.33
A,2,"[2016-09-28 08:00:00,2016-09-28 08:20:00)",72.32
A,2,"[2016-09-28 08:20:00,2016-09-28 08:40:00)",75.79
A,2,"[2016-09-28 08:40:00,2016-09-28 09:00:00)",58.42
A,2,"[2016-09-28 09:00:00,2016-09-28 09:20:00)",70.54
A,2,"[2016-09-28 09:20:00,2016-09-28 09:40:00)",65.34
A,2,"[2016-09-28 09:40:00,2016-09-28 10:00:00)",69.52
A,2,"[2016-09-28 17:00:00,2016-09-28 17:20:00)",64.11
A,2,"[2016-09-28 17:20:00,2016-09-28 17:40:00)",103.03
A,2,"[2016-09-28 17:40:00,2016-09-28 18:00:00)",80.1
A,2,"[2016-09-28 18:00:00,2016-09-28 18:20:00)",118.64
A,2,"[2016-09-28 18:20:00,2016-09-28 18:40:00)",66.99
A,2,"[2016-09-28 18:40:00,2016-09-28 19:00:00)",81.9
A,2,"[2016-09-29 08:00:00,2016-09-29 08:20:00)",73.07
A,2,"[2016-09-29 08:20:00,2016-09-29 08:40:00)",141.82
A,2,"[2016-09-29 08:40:00,2016-09-29 09:00:00)",129.67
A,2,"[2016-09-29 09:00:00,2016-09-29 09:20:00)",90.4
A,2,"[2016-09-29 09:20:00,2016-09-29 09:40:00)",66.93
A,2,"[2016-09-29 09:40:00,2016-09-29 10:00:00)",74.33
A,2,"[2016-09-29 17:00:00,2016-09-29 17:20:00)",79.41
A,2,"[2016-09-29 17:20:00,2016-09-29 17:40:00)",59.8
A,2,"[2016-09-29 17:40:00,2016-09-29 18:00:00)",69.24
A,2,"[2016-09-29 18:00:00,2016-09-29 18:20:00)",65.5
A,2,"[2016-09-29 18:20:00,2016-09-29 18:40:00)",44.39
A,2,"[2016-09-29 18:40:00,2016-09-29 19:00:00)",67.33
A,2,"[2016-09-30 08:00:00,2016-09-30 08:20:00)",70.9
A,2,"[2016-09-30 08:20:00,2016-09-30 08:40:00)",101.35
A,2,"[2016-09-30 08:40:00,2016-09-30 09:00:00)",85.54
A,2,"[2016-09-30 09:00:00,2016-09-30 09:20:00)",66.62
A,2,"[2016-09-30 09:20:00,2016-09-30 09:40:00)",62.27
A,2,"[2016-09-30 09:40:00,2016-09-30 10:00:00)",88.5
A,2,"[2016-09-30 17:00:00,2016-09-30 17:20:00)",165.96
A,2,"[2016-09-30 17:20:00,2016-09-30 17:40:00)",99.21
A,2,"[2016-09-30 17:40:00,2016-09-30 18:00:00)",69.75
A,2,"[2016-09-30 18:00:00,2016-09-30 18:20:00)",90.67
A,2,"[2016-09-30 18:20:00,2016-09-30 18:40:00)",70.7
A,2,"[2016-09-30 18:40:00,2016-09-30 19:00:00)",106.97
A,2,"[2016-10-01 08:00:00,2016-10-01 08:20:00)",53.31
A,2,"[2016-10-01 08:20:00,2016-10-01 08:40:00)",56.9
A,2,"[2016-10-01 08:40:00,2016-10-01 09:00:00)",56.31
A,2,"[2016-10-01 09:00:00,2016-10-01 09:20:00)",79.62
A,2,"[2016-10-01 09:20:00,2016-10-01 09:40:00)",73.71
A,2,"[2016-10-01 09:40:00,2016-10-01 10:00:00)",61.37
A,2,"[2016-10-01 17:00:00,2016-10-01 17:20:00)",45.36
A,2,"[2016-10-01 17:20:00,2016-10-01 17:40:00)",52.74
A,2,"[2016-10-01 17:40:00,2016-10-01 18:00:00)",63.68
A,2,"[2016-10-01 18:00:00,2016-10-01 18:20:00)",68.36
A,2,"[2016-10-01 18:20:00,2016-10-01 18:40:00)",54.52
A,2,"[2016-10-01 18:40:00,2016-10-01 19:00:00)",46.25
A,2,"[2016-10-02 08:00:00,2016-10-02 08:20:00)",44.11
A,2,"[2016-10-02 08:20:00,2016-10-02 08:40:00)",63.67
A,2,"[2016-10-02 08:40:00,2016-10-02 09:00:00)",69.04
A,2,"[2016-10-02 09:00:00,2016-10-02 09:20:00)",54.64
A,2,"[2016-10-02 09:20:00,2016-10-02 09:40:00)",55.64
A,2,"[2016-10-02 09:40:00,2016-10-02 10:00:00)",54.37
A,2,"[2016-10-02 17:00:00,2016-10-02 17:20:00)",47.12
A,2,"[2016-10-02 17:20:00,2016-10-02 17:40:00)",47.77
A,2,"[2016-10-02 17:40:00,2016-10-02 18:00:00)",47.08
A,2,"[2016-10-02 18:00:00,2016-10-02 18:20:00)",60.25
A,2,"[2016-10-02 18:20:00,2016-10-02 18:40:00)",53.31
A,2,"[2016-10-02 18:40:00,2016-10-02 19:00:00)",48.31
A,2,"[2016-10-03 08:00:00,2016-10-03 08:20:00)",45.33
A,2,"[2016-10-03 08:20:00,2016-10-03 08:40:00)",49.8
A,2,"[2016-10-03 08:40:00,2016-10-03 09:00:00)",54.35
A,2,"[2016-10-03 09:00:00,2016-10-03 09:20:00)",20.07
A,2,"[2016-10-03 09:20:00,2016-10-03 09:40:00)",19.49
A,2,"[2016-10-03 09:40:00,2016-10-03 10:00:00)",40.23
A,2,"[2016-10-03 17:00:00,2016-10-03 17:20:00)",63.47
A,2,"[2016-10-03 17:20:00,2016-10-03 17:40:00)",44.66
A,2,"[2016-10-03 17:40:00,2016-10-03 18:00:00)",67.93
A,2,"[2016-10-03 18:00:00,2016-10-03 18:20:00)",49.75
A,2,"[2016-10-03 18:20:00,2016-10-03 18:40:00)",44.69
A,2,"[2016-10-03 18:40:00,2016-10-03 19:00:00)",44.99
A,2,"[2016-10-04 08:00:00,2016-10-04 08:20:00)",45.58
A,2,"[2016-10-04 08:20:00,2016-10-04 08:40:00)",53.03
A,2,"[2016-10-04 08:40:00,2016-10-04 09:00:00)",53.26
A,2,"[2016-10-04 09:00:00,2016-10-04 09:20:00)",47.87
A,2,"[2016-10-04 09:20:00,2016-10-04 09:40:00)",63.87
A,2,"[2016-10-04 09:40:00,2016-10-04 10:00:00)",63.13
A,2,"[2016-10-04 17:00:00,2016-10-04 17:20:00)",65.45
A,2,"[2016-10-04 17:20:00,2016-10-04 17:40:00)",60.55
A,2,"[2016-10-04 17:40:00,2016-10-04 18:00:00)",63.78
A,2,"[2016-10-04 18:00:00,2016-10-04 18:20:00)",66.12
A,2,"[2016-10-04 18:20:00,2016-10-04 18:40:00)",73.7
A,2,"[2016-10-04 18:40:00,2016-10-04 19:00:00)",58.92
A,2,"[2016-10-05 08:00:00,2016-10-05 08:20:00)",79.84
A,2,"[2016-10-05 08:20:00,2016-10-05 08:40:00)",54.5
A,2,"[2016-10-05 08:40:00,2016-10-05 09:00:00)",52.98
A,2,"[2016-10-05 09:00:00,2016-10-05 09:20:00)",52.44
A,2,"[2016-10-05 09:20:00,2016-10-05 09:40:00)",52.22
A,2,"[2016-10-05 09:40:00,2016-10-05 10:00:00)",61.11
A,2,"[2016-10-05 17:00:00,2016-10-05 17:20:00)",71.44
A,2,"[2016-10-05 17:20:00,2016-10-05 17:40:00)",61.31
A,2,"[2016-10-05 17:40:00,2016-10-05 18:00:00)",64.87
A,2,"[2016-10-05 18:00:00,2016-10-05 18:20:00)",73.39
A,2,"[2016-10-05 18:20:00,2016-10-05 18:40:00)",69.79
A,2,"[2016-10-05 18:40:00,2016-10-05 19:00:00)",48.57
A,2,"[2016-10-06 08:00:00,2016-10-06 08:20:00)",48.55
A,2,"[2016-10-06 08:20:00,2016-10-06 08:40:00)",65.96
A,2,"[2016-10-06 08:40:00,2016-10-06 09:00:00)",59.72
A,2,"[2016-10-06 09:00:00,2016-10-06 09:20:00)",57.64
A,2,"[2016-10-06 09:20:00,2016-10-06 09:40:00)",56.33
A,2,"[2016-10-06 09:40:00,2016-10-06 10:00:00)",60.73
A,2,"[2016-10-06 17:00:00,2016-10-06 17:20:00)",69.34
A,2,"[2016-10-06 17:20:00,2016-10-06 17:40:00)",59.4
A,2,"[2016-10-06 17:40:00,2016-10-06 18:00:00)",75.83
A,2,"[2016-10-06 18:00:00,2016-10-06 18:20:00)",71.19
A,2,"[2016-10-06 18:20:00,2016-10-06 18:40:00)",62.1
A,2,"[2016-10-06 18:40:00,2016-10-06 19:00:00)",72.96
A,2,"[2016-10-07 08:00:00,2016-10-07 08:20:00)",53.7
A,2,"[2016-10-07 08:20:00,2016-10-07 08:40:00)",51.68
A,2,"[2016-10-07 08:40:00,2016-10-07 09:00:00)",51.59
A,2,"[2016-10-07 09:00:00,2016-10-07 09:20:00)",44.28
A,2,"[2016-10-07 09:20:00,2016-10-07 09:40:00)",54.48
A,2,"[2016-10-07 09:40:00,2016-10-07 10:00:00)",59.64
A,2,"[2016-10-07 17:00:00,2016-10-07 17:20:00)",53.62
A,2,"[2016-10-07 17:20:00,2016-10-07 17:40:00)",56.2
A,2,"[2016-10-07 17:40:00,2016-10-07 18:00:00)",54.06
A,2,"[2016-10-07 18:00:00,2016-10-07 18:20:00)",61.83
A,2,"[2016-10-07 18:20:00,2016-10-07 18:40:00)",55.61
A,2,"[2016-10-07 18:40:00,2016-10-07 19:00:00)",56.88
A,2,"[2016-10-08 08:00:00,2016-10-08 08:20:00)",77.62
A,2,"[2016-10-08 08:20:00,2016-10-08 08:40:00)",61.65
A,2,"[2016-10-08 08:40:00,2016-10-08 09:00:00)",60.65
A,2,"[2016-10-08 09:00:00,2016-10-08 09:20:00)",70.8
A,2,"[2016-10-08 09:20:00,2016-10-08 09:40:00)",74.24
A,2,"[2016-10-08 09:40:00,2016-10-08 10:00:00)",56.44
A,2,"[2016-10-08 17:00:00,2016-10-08 17:20:00)",62.29
A,2,"[2016-10-08 17:20:00,2016-10-08 17:40:00)",72.66
A,2,"[2016-10-08 17:40:00,2016-10-08 18:00:00)",74.88
A,2,"[2016-10-08 18:00:00,2016-10-08 18:20:00)",54.63
A,2,"[2016-10-08 18:20:00,2016-10-08 18:40:00)",55.04
A,2,"[2016-10-08 18:40:00,2016-10-08 19:00:00)",66.33
A,2,"[2016-10-09 08:00:00,2016-10-09 08:20:00)",81.71
A,2,"[2016-10-09 08:20:00,2016-10-09 08:40:00)",77.26
A,2,"[2016-10-09 08:40:00,2016-10-09 09:00:00)",63.36
A,2,"[2016-10-09 09:00:00,2016-10-09 09:20:00)",93.29
A,2,"[2016-10-09 09:20:00,2016-10-09 09:40:00)",64.13
A,2,"[2016-10-09 09:40:00,2016-10-09 10:00:00)",71.04
A,2,"[2016-10-09 17:00:00,2016-10-09 17:20:00)",62.56
A,2,"[2016-10-09 17:20:00,2016-10-09 17:40:00)",73.5
A,2,"[2016-10-09 17:40:00,2016-10-09 18:00:00)",56.47
A,2,"[2016-10-09 18:00:00,2016-10-09 18:20:00)",51.42
A,2,"[2016-10-09 18:20:00,2016-10-09 18:40:00)",74.07
A,2,"[2016-10-09 18:40:00,2016-10-09 19:00:00)",64.37
A,2,"[2016-10-10 08:00:00,2016-10-10 08:20:00)",70.07
A,2,"[2016-10-10 08:20:00,2016-10-10 08:40:00)",84.16
A,2,"[2016-10-10 08:40:00,2016-10-10 09:00:00)",75.17
A,2,"[2016-10-10 09:00:00,2016-10-10 09:20:00)",72.47
A,2,"[2016-10-10 09:20:00,2016-10-10 09:40:00)",85.22
A,2,"[2016-10-10 09:40:00,2016-10-10 10:00:00)",71.92
A,2,"[2016-10-10 17:00:00,2016-10-10 17:20:00)",74.51
A,2,"[2016-10-10 17:20:00,2016-10-10 17:40:00)",57.42
A,2,"[2016-10-10 17:40:00,2016-10-10 18:00:00)",62.21
A,2,"[2016-10-10 18:00:00,2016-10-10 18:20:00)",80.93
A,2,"[2016-10-10 18:20:00,2016-10-10 18:40:00)",69.77
A,2,"[2016-10-10 18:40:00,2016-10-10 19:00:00)",55.78
A,2,"[2016-10-11 08:00:00,2016-10-11 08:20:00)",68.09
A,2,"[2016-10-11 08:20:00,2016-10-11 08:40:00)",75.02
A,2,"[2016-10-11 08:40:00,2016-10-11 09:00:00)",75
A,2,"[2016-10-11 09:00:00,2016-10-11 09:20:00)",69.75
A,2,"[2016-10-11 09:20:00,2016-10-11 09:40:00)",55.28
A,2,"[2016-10-11 09:40:00,2016-10-11 10:00:00)",70.26
A,2,"[2016-10-11 17:00:00,2016-10-11 17:20:00)",80.21
A,2,"[2016-10-11 17:20:00,2016-10-11 17:40:00)",65
A,2,"[2016-10-11 17:40:00,2016-10-11 18:00:00)",67
A,2,"[2016-10-11 18:00:00,2016-10-11 18:20:00)",48.92
A,2,"[2016-10-11 18:20:00,2016-10-11 18:40:00)",121.45
A,2,"[2016-10-11 18:40:00,2016-10-11 19:00:00)",60.58
A,2,"[2016-10-12 08:00:00,2016-10-12 08:20:00)",86.16
A,2,"[2016-10-12 08:20:00,2016-10-12 08:40:00)",83.28
A,2,"[2016-10-12 08:40:00,2016-10-12 09:00:00)",90.04
A,2,"[2016-10-12 09:00:00,2016-10-12 09:20:00)",67.48
A,2,"[2016-10-12 09:20:00,2016-10-12 09:40:00)",69.26
A,2,"[2016-10-12 09:40:00,2016-10-12 10:00:00)",65.32
A,2,"[2016-10-12 17:00:00,2016-10-12 17:20:00)",73.97
A,2,"[2016-10-12 17:20:00,2016-10-12 17:40:00)",85.14
A,2,"[2016-10-12 17:40:00,2016-10-12 18:00:00)",78.55
A,2,"[2016-10-12 18:00:00,2016-10-12 18:20:00)",81.69
A,2,"[2016-10-12 18:20:00,2016-10-12 18:40:00)",52.32
A,2,"[2016-10-12 18:40:00,2016-10-12 19:00:00)",53.84
A,2,"[2016-10-13 08:00:00,2016-10-13 08:20:00)",82.59
A,2,"[2016-10-13 08:20:00,2016-10-13 08:40:00)",85.2
A,2,"[2016-10-13 08:40:00,2016-10-13 09:00:00)",98.21
A,2,"[2016-10-13 09:00:00,2016-10-13 09:20:00)",75.1
A,2,"[2016-10-13 09:20:00,2016-10-13 09:40:00)",75.41
A,2,"[2016-10-13 09:40:00,2016-10-13 10:00:00)",67.78
A,2,"[2016-10-13 17:00:00,2016-10-13 17:20:00)",61.53
A,2,"[2016-10-13 17:20:00,2016-10-13 17:40:00)",62.92
A,2,"[2016-10-13 17:40:00,2016-10-13 18:00:00)",70.17
A,2,"[2016-10-13 18:00:00,2016-10-13 18:20:00)",70.58
A,2,"[2016-10-13 18:20:00,2016-10-13 18:40:00)",59.2
A,2,"[2016-10-13 18:40:00,2016-10-13 19:00:00)",73.24
A,2,"[2016-10-14 08:00:00,2016-10-14 08:20:00)",73.99
A,2,"[2016-10-14 08:20:00,2016-10-14 08:40:00)",110.15
A,2,"[2016-10-14 08:40:00,2016-10-14 09:00:00)",68.47
A,2,"[2016-10-14 09:00:00,2016-10-14 09:20:00)",70.43
A,2,"[2016-10-14 09:20:00,2016-10-14 09:40:00)",78.67
A,2,"[2016-10-14 09:40:00,2016-10-14 10:00:00)",72.97
A,2,"[2016-10-14 17:00:00,2016-10-14 17:20:00)",61.89
A,2,"[2016-10-14 17:20:00,2016-10-14 17:40:00)",78.26
A,2,"[2016-10-14 17:40:00,2016-10-14 18:00:00)",67.66
A,2,"[2016-10-14 18:00:00,2016-10-14 18:20:00)",59.14
A,2,"[2016-10-14 18:20:00,2016-10-14 18:40:00)",79.01
A,2,"[2016-10-14 18:40:00,2016-10-14 19:00:00)",65.32
A,2,"[2016-10-15 08:00:00,2016-10-15 08:20:00)",109.27
A,2,"[2016-10-15 08:20:00,2016-10-15 08:40:00)",78.04
A,2,"[2016-10-15 08:40:00,2016-10-15 09:00:00)",141.31
A,2,"[2016-10-15 09:00:00,2016-10-15 09:20:00)",140.5
A,2,"[2016-10-15 09:20:00,2016-10-15 09:40:00)",147.66
A,2,"[2016-10-15 09:40:00,2016-10-15 10:00:00)",152.49
A,2,"[2016-10-15 17:00:00,2016-10-15 17:20:00)",74.43
A,2,"[2016-10-15 17:20:00,2016-10-15 17:40:00)",90.19
A,2,"[2016-10-15 17:40:00,2016-10-15 18:00:00)",56.2
A,2,"[2016-10-15 18:00:00,2016-10-15 18:20:00)",69.84
A,2,"[2016-10-15 18:20:00,2016-10-15 18:40:00)",61.47
A,2,"[2016-10-15 18:40:00,2016-10-15 19:00:00)",78.21
A,2,"[2016-10-16 08:00:00,2016-10-16 08:20:00)",65.1
A,2,"[2016-10-16 08:20:00,2016-10-16 08:40:00)",78.61
A,2,"[2016-10-16 08:40:00,2016-10-16 09:00:00)",91.12
A,2,"[2016-10-16 09:00:00,2016-10-16 09:20:00)",73.68
A,2,"[2016-10-16 09:20:00,2016-10-16 09:40:00)",69.42
A,2,"[2016-10-16 09:40:00,2016-10-16 10:00:00)",66.83
A,2,"[2016-10-16 17:00:00,2016-10-16 17:20:00)",65.44
A,2,"[2016-10-16 17:20:00,2016-10-16 17:40:00)",73.41
A,2,"[2016-10-16 17:40:00,2016-10-16 18:00:00)",93.63
A,2,"[2016-10-16 18:00:00,2016-10-16 18:20:00)",63.15
A,2,"[2016-10-16 18:20:00,2016-10-16 18:40:00)",70.38
A,2,"[2016-10-16 18:40:00,2016-10-16 19:00:00)",54.3
A,2,"[2016-10-17 08:00:00,2016-10-17 08:20:00)",133.58
A,2,"[2016-10-17 08:20:00,2016-10-17 08:40:00)",108.33
A,2,"[2016-10-17 08:40:00,2016-10-17 09:00:00)",84.31
A,2,"[2016-10-17 09:00:00,2016-10-17 09:20:00)",87.36
A,2,"[2016-10-17 09:20:00,2016-10-17 09:40:00)",66.51
A,2,"[2016-10-17 09:40:00,2016-10-17 10:00:00)",53.21
A,2,"[2016-10-17 17:00:00,2016-10-17 17:20:00)",76.76
A,2,"[2016-10-17 17:20:00,2016-10-17 17:40:00)",58.04
A,2,"[2016-10-17 17:40:00,2016-10-17 18:00:00)",53.69
A,2,"[2016-10-17 18:00:00,2016-10-17 18:20:00)",65.4
A,2,"[2016-10-17 18:20:00,2016-10-17 18:40:00)",48.66
A,2,"[2016-10-17 18:40:00,2016-10-17 19:00:00)",60.41
