A,3,"[2016-07-19 08:00:00,2016-07-19 08:20:00)",137.38
A,3,"[2016-07-19 08:20:00,2016-07-19 08:40:00)",165.48
A,3,"[2016-07-19 08:40:00,2016-07-19 09:00:00)",136.68
A,3,"[2016-07-19 09:00:00,2016-07-19 09:20:00)",192.68
A,3,"[2016-07-19 09:20:00,2016-07-19 09:40:00)",159.78
A,3,"[2016-07-19 09:40:00,2016-07-19 10:00:00)",129.28
A,3,"[2016-07-19 17:00:00,2016-07-19 17:20:00)",182.46
A,3,"[2016-07-19 17:20:00,2016-07-19 17:40:00)",114.1
A,3,"[2016-07-19 17:40:00,2016-07-19 18:00:00)",102.47
A,3,"[2016-07-19 18:00:00,2016-07-19 18:20:00)",99.14
A,3,"[2016-07-19 18:20:00,2016-07-19 18:40:00)",109.12
A,3,"[2016-07-19 18:40:00,2016-07-19 19:00:00)",132.73
A,3,"[2016-07-20 08:00:00,2016-07-20 08:20:00)",140.36
A,3,"[2016-07-20 08:20:00,2016-07-20 08:40:00)",192.68
A,3,"[2016-07-20 08:40:00,2016-07-20 09:00:00)",276.98
A,3,"[2016-07-20 09:00:00,2016-07-20 09:20:00)",242.85
A,3,"[2016-07-20 09:20:00,2016-07-20 09:40:00)",269.83
A,3,"[2016-07-20 09:40:00,2016-07-20 10:00:00)",250.81
A,3,"[2016-07-20 17:00:00,2016-07-20 17:20:00)",108.08
A,3,"[2016-07-20 17:20:00,2016-07-20 17:40:00)",168.57
A,3,"[2016-07-20 17:40:00,2016-07-20 18:00:00)",123.79
A,3,"[2016-07-20 18:00:00,2016-07-20 18:20:00)",114.3
A,3,"[2016-07-20 18:20:00,2016-07-20 18:40:00)",102.69
A,3,"[2016-07-20 18:40:00,2016-07-20 19:00:00)",202.54
A,3,"[2016-07-21 08:00:00,2016-07-21 08:20:00)",160.08
A,3,"[2016-07-21 08:20:00,2016-07-21 08:40:00)",151.1
A,3,"[2016-07-21 08:40:00,2016-07-21 09:00:00)",194.58
A,3,"[2016-07-21 17:00:00,2016-07-21 17:20:00)",128.38
A,3,"[2016-07-21 17:20:00,2016-07-21 17:40:00)",113.58
A,3,"[2016-07-21 17:40:00,2016-07-21 18:00:00)",101.22
A,3,"[2016-07-21 18:00:00,2016-07-21 18:20:00)",110.38
A,3,"[2016-07-21 18:20:00,2016-07-21 18:40:00)",104.78
A,3,"[2016-07-21 18:40:00,2016-07-21 19:00:00)",120.05
A,3,"[2016-07-22 08:00:00,2016-07-22 08:20:00)",133.41
A,3,"[2016-07-22 08:20:00,2016-07-22 08:40:00)",150.22
A,3,"[2016-07-22 08:40:00,2016-07-22 09:00:00)",135.28
A,3,"[2016-07-22 09:00:00,2016-07-22 09:20:00)",121.01
A,3,"[2016-07-22 09:20:00,2016-07-22 09:40:00)",132.87
A,3,"[2016-07-22 09:40:00,2016-07-22 10:00:00)",109.12
A,3,"[2016-07-22 17:00:00,2016-07-22 17:20:00)",117.13
A,3,"[2016-07-22 17:20:00,2016-07-22 17:40:00)",132.75
A,3,"[2016-07-22 17:40:00,2016-07-22 18:00:00)",105.02
A,3,"[2016-07-22 18:00:00,2016-07-22 18:20:00)",153.13
A,3,"[2016-07-22 18:20:00,2016-07-22 18:40:00)",116.88
A,3,"[2016-07-22 18:40:00,2016-07-22 19:00:00)",111.73
A,3,"[2016-07-23 08:00:00,2016-07-23 08:20:00)",111.74
A,3,"[2016-07-23 08:20:00,2016-07-23 08:40:00)",116.58
A,3,"[2016-07-23 08:40:00,2016-07-23 09:00:00)",97.36
A,3,"[2016-07-23 09:00:00,2016-07-23 09:20:00)",92.89
A,3,"[2016-07-23 09:20:00,2016-07-23 09:40:00)",100.86
A,3,"[2016-07-23 09:40:00,2016-07-23 10:00:00)",123.64
A,3,"[2016-07-23 17:00:00,2016-07-23 17:20:00)",120.12
A,3,"[2016-07-23 17:20:00,2016-07-23 17:40:00)",167.78
A,3,"[2016-07-23 17:40:00,2016-07-23 18:00:00)",133.97
A,3,"[2016-07-23 18:00:00,2016-07-23 18:20:00)",98.03
A,3,"[2016-07-23 18:20:00,2016-07-23 18:40:00)",121.86
A,3,"[2016-07-23 18:40:00,2016-07-23 19:00:00)",123.08
A,3,"[2016-07-24 08:00:00,2016-07-24 08:20:00)",100.23
A,3,"[2016-07-24 08:20:00,2016-07-24 08:40:00)",121.56
A,3,"[2016-07-24 08:40:00,2016-07-24 09:00:00)",115.9
A,3,"[2016-07-24 09:00:00,2016-07-24 09:20:00)",113.04
A,3,"[2016-07-24 09:20:00,2016-07-24 09:40:00)",148.5
A,3,"[2016-07-24 09:40:00,2016-07-24 10:00:00)",133.61
A,3,"[2016-07-24 17:00:00,2016-07-24 17:20:00)",100.98
A,3,"[2016-07-24 17:20:00,2016-07-24 17:40:00)",137.12
A,3,"[2016-07-24 17:40:00,2016-07-24 18:00:00)",132.75
A,3,"[2016-07-24 18:00:00,2016-07-24 18:20:00)",101.38
A,3,"[2016-07-24 18:20:00,2016-07-24 18:40:00)",91.93
A,3,"[2016-07-24 18:40:00,2016-07-24 19:00:00)",102.05
A,3,"[2016-07-25 08:00:00,2016-07-25 08:20:00)",186.78
A,3,"[2016-07-25 08:20:00,2016-07-25 08:40:00)",116.65
A,3,"[2016-07-25 08:40:00,2016-07-25 09:00:00)",172.15
A,3,"[2016-07-25 09:00:00,2016-07-25 09:20:00)",101.78
A,3,"[2016-07-25 09:20:00,2016-07-25 09:40:00)",187.47
A,3,"[2016-07-25 09:40:00,2016-07-25 10:00:00)",127.96
A,3,"[2016-07-25 17:00:00,2016-07-25 17:20:00)",139.69
A,3,"[2016-07-25 17:20:00,2016-07-25 17:40:00)",117.23
A,3,"[2016-07-25 17:40:00,2016-07-25 18:00:00)",120.3
A,3,"[2016-07-25 18:00:00,2016-07-25 18:20:00)",139.27
A,3,"[2016-07-25 18:20:00,2016-07-25 18:40:00)",180.11
A,3,"[2016-07-25 18:40:00,2016-07-25 19:00:00)",149.5
A,3,"[2016-07-26 08:00:00,2016-07-26 08:20:00)",116.54
A,3,"[2016-07-26 08:20:00,2016-07-26 08:40:00)",135.14
A,3,"[2016-07-26 08:40:00,2016-07-26 09:00:00)",144.85
A,3,"[2016-07-26 09:00:00,2016-07-26 09:20:00)",116.23
A,3,"[2016-07-26 09:20:00,2016-07-26 09:40:00)",131.86
A,3,"[2016-07-26 09:40:00,2016-07-26 10:00:00)",119.74
A,3,"[2016-07-26 17:00:00,2016-07-26 17:20:00)",110.1
A,3,"[2016-07-26 17:20:00,2016-07-26 17:40:00)",106.03
A,3,"[2016-07-26 17:40:00,2016-07-26 18:00:00)",118.04
A,3,"[2016-07-26 18:00:00,2016-07-26 18:20:00)",90.57
A,3,"[2016-07-26 18:20:00,2016-07-26 18:40:00)",102.63
A,3,"[2016-07-26 18:40:00,2016-07-26 19:00:00)",141.02
A,3,"[2016-07-27 08:00:00,2016-07-27 08:20:00)",126.31
A,3,"[2016-07-27 08:20:00,2016-07-27 08:40:00)",124.09
A,3,"[2016-07-27 08:40:00,2016-07-27 09:00:00)",120.17
A,3,"[2016-07-27 09:00:00,2016-07-27 09:20:00)",133.92
A,3,"[2016-07-27 09:20:00,2016-07-27 09:40:00)",116.52
A,3,"[2016-07-27 09:40:00,2016-07-27 10:00:00)",125.74
A,3,"[2016-07-27 17:00:00,2016-07-27 17:20:00)",112.2
A,3,"[2016-07-27 17:20:00,2016-07-27 17:40:00)",115.49
A,3,"[2016-07-27 17:40:00,2016-07-27 18:00:00)",104.29
A,3,"[2016-07-27 18:00:00,2016-07-27 18:20:00)",191.66
A,3,"[2016-07-27 18:20:00,2016-07-27 18:40:00)",91.59
A,3,"[2016-07-27 18:40:00,2016-07-27 19:00:00)",100.07
A,3,"[2016-07-28 08:00:00,2016-07-28 08:20:00)",188.91
A,3,"[2016-07-28 08:20:00,2016-07-28 08:40:00)",163.32
A,3,"[2016-07-28 08:40:00,2016-07-28 09:00:00)",126.57
A,3,"[2016-07-28 09:00:00,2016-07-28 09:20:00)",237.34
A,3,"[2016-07-28 09:20:00,2016-07-28 09:40:00)",315.1
A,3,"[2016-07-28 09:40:00,2016-07-28 10:00:00)",194.78
A,3,"[2016-07-28 17:00:00,2016-07-28 17:20:00)",132.68
A,3,"[2016-07-28 17:20:00,2016-07-28 17:40:00)",129.94
A,3,"[2016-07-28 17:40:00,2016-07-28 18:00:00)",112.4
A,3,"[2016-07-28 18:00:00,2016-07-28 18:20:00)",91.6
A,3,"[2016-07-28 18:20:00,2016-07-28 18:40:00)",115.57
A,3,"[2016-07-28 18:40:00,2016-07-28 19:00:00)",125.65
A,3,"[2016-07-29 08:00:00,2016-07-29 08:20:00)",192.8
A,3,"[2016-07-29 08:20:00,2016-07-29 08:40:00)",151.3
A,3,"[2016-07-29 08:40:00,2016-07-29 09:00:00)",171.91
A,3,"[2016-07-29 09:00:00,2016-07-29 09:20:00)",143.3
A,3,"[2016-07-29 09:20:00,2016-07-29 09:40:00)",157.55
A,3,"[2016-07-29 09:40:00,2016-07-29 10:00:00)",132.8
A,3,"[2016-07-29 17:00:00,2016-07-29 17:20:00)",113.38
A,3,"[2016-07-29 17:40:00,2016-07-29 18:00:00)",141.14
A,3,"[2016-07-29 18:00:00,2016-07-29 18:20:00)",127.4
A,3,"[2016-07-29 18:20:00,2016-07-29 18:40:00)",126.53
A,3,"[2016-07-29 18:40:00,2016-07-29 19:00:00)",175.8
A,3,"[2016-07-30 08:00:00,2016-07-30 08:20:00)",150.23
A,3,"[2016-07-30 08:20:00,2016-07-30 08:40:00)",109.79
A,3,"[2016-07-30 08:40:00,2016-07-30 09:00:00)",99.04
A,3,"[2016-07-30 09:00:00,2016-07-30 09:20:00)",152.62
A,3,"[2016-07-30 09:20:00,2016-07-30 09:40:00)",198.15
A,3,"[2016-07-30 09:40:00,2016-07-30 10:00:00)",144.94
A,3,"[2016-07-30 17:00:00,2016-07-30 17:20:00)",229.19
A,3,"[2016-07-30 17:20:00,2016-07-30 17:40:00)",186.46
A,3,"[2016-07-30 17:40:00,2016-07-30 18:00:00)",131.98
A,3,"[2016-07-30 18:00:00,2016-07-30 18:20:00)",154.16
A,3,"[2016-07-30 18:20:00,2016-07-30 18:40:00)",141.23
A,3,"[2016-07-30 18:40:00,2016-07-30 19:00:00)",129.04
A,3,"[2016-07-31 08:00:00,2016-07-31 08:20:00)",111.93
A,3,"[2016-07-31 08:20:00,2016-07-31 08:40:00)",128.92
A,3,"[2016-07-31 08:40:00,2016-07-31 09:00:00)",128.59
A,3,"[2016-07-31 09:00:00,2016-07-31 09:20:00)",189.94
A,3,"[2016-07-31 09:20:00,2016-07-31 09:40:00)",106.98
A,3,"[2016-07-31 09:40:00,2016-07-31 10:00:00)",124.83
A,3,"[2016-07-31 17:00:00,2016-07-31 17:20:00)",246.31
A,3,"[2016-07-31 17:20:00,2016-07-31 17:40:00)",219.51
A,3,"[2016-07-31 17:40:00,2016-07-31 18:00:00)",110.42
A,3,"[2016-07-31 18:00:00,2016-07-31 18:20:00)",88.25
A,3,"[2016-07-31 18:20:00,2016-07-31 18:40:00)",131.6
A,3,"[2016-07-31 18:40:00,2016-07-31 19:00:00)",127.54
A,3,"[2016-08-01 08:00:00,2016-08-01 08:20:00)",181.83
A,3,"[2016-08-01 08:20:00,2016-08-01 08:40:00)",177.06
A,3,"[2016-08-01 08:40:00,2016-08-01 09:00:00)",172.82
A,3,"[2016-08-01 09:00:00,2016-08-01 09:20:00)",183.01
A,3,"[2016-08-01 09:20:00,2016-08-01 09:40:00)",182.15
A,3,"[2016-08-01 09:40:00,2016-08-01 10:00:00)",116.46
A,3,"[2016-08-01 17:00:00,2016-08-01 17:20:00)",162.66
A,3,"[2016-08-01 17:20:00,2016-08-01 17:40:00)",96.63
A,3,"[2016-08-01 17:40:00,2016-08-01 18:00:00)",145.25
A,3,"[2016-08-01 18:00:00,2016-08-01 18:20:00)",113.09
A,3,"[2016-08-01 18:20:00,2016-08-01 18:40:00)",140.04
A,3,"[2016-08-01 18:40:00,2016-08-01 19:00:00)",138.92
A,3,"[2016-08-02 08:00:00,2016-08-02 08:20:00)",176.07
A,3,"[2016-08-02 08:20:00,2016-08-02 08:40:00)",133.51
A,3,"[2016-08-02 08:40:00,2016-08-02 09:00:00)",209.03
A,3,"[2016-08-02 09:00:00,2016-08-02 09:20:00)",292.2
A,3,"[2016-08-02 09:20:00,2016-08-02 09:40:00)",173.12
A,3,"[2016-08-02 09:40:00,2016-08-02 10:00:00)",175.26
A,3,"[2016-08-02 17:00:00,2016-08-02 17:20:00)",119.23
A,3,"[2016-08-02 17:20:00,2016-08-02 17:40:00)",140.74
A,3,"[2016-08-02 17:40:00,2016-08-02 18:00:00)",145.13
A,3,"[2016-08-02 18:00:00,2016-08-02 18:20:00)",127.17
A,3,"[2016-08-02 18:20:00,2016-08-02 18:40:00)",96.13
A,3,"[2016-08-02 18:40:00,2016-08-02 19:00:00)",121.46
A,3,"[2016-08-03 08:00:00,2016-08-03 08:20:00)",208.83
A,3,"[2016-08-03 08:20:00,2016-08-03 08:40:00)",134.18
A,3,"[2016-08-03 08:40:00,2016-08-03 09:00:00)",168.96
A,3,"[2016-08-03 09:00:00,2016-08-03 09:20:00)",178.56
A,3,"[2016-08-03 09:20:00,2016-08-03 09:40:00)",215.55
A,3,"[2016-08-03 09:40:00,2016-08-03 10:00:00)",120.79
A,3,"[2016-08-03 17:00:00,2016-08-03 17:20:00)",139.57
A,3,"[2016-08-03 17:20:00,2016-08-03 17:40:00)",163.83
A,3,"[2016-08-03 17:40:00,2016-08-03 18:00:00)",136.25
A,3,"[2016-08-03 18:00:00,2016-08-03 18:20:00)",149.57
A,3,"[2016-08-03 18:20:00,2016-08-03 18:40:00)",113.22
A,3,"[2016-08-03 18:40:00,2016-08-03 19:00:00)",108.32
A,3,"[2016-08-04 08:00:00,2016-08-04 08:20:00)",232.52
A,3,"[2016-08-04 08:20:00,2016-08-04 08:40:00)",151.12
A,3,"[2016-08-04 08:40:00,2016-08-04 09:00:00)",175.71
A,3,"[2016-08-04 09:00:00,2016-08-04 09:20:00)",153.26
A,3,"[2016-08-04 09:20:00,2016-08-04 09:40:00)",167.64
A,3,"[2016-08-04 09:40:00,2016-08-04 10:00:00)",176.35
A,3,"[2016-08-04 17:00:00,2016-08-04 17:20:00)",93.48
A,3,"[2016-08-04 17:20:00,2016-08-04 17:40:00)",195.79
A,3,"[2016-08-04 17:40:00,2016-08-04 18:00:00)",129.65
A,3,"[2016-08-04 18:00:00,2016-08-04 18:20:00)",93.51
A,3,"[2016-08-04 18:20:00,2016-08-04 18:40:00)",109.51
A,3,"[2016-08-04 18:40:00,2016-08-04 19:00:00)",110.4
A,3,"[2016-08-05 08:00:00,2016-08-05 08:20:00)",144.84
A,3,"[2016-08-05 08:20:00,2016-08-05 08:40:00)",252.09
A,3,"[2016-08-05 08:40:00,2016-08-05 09:00:00)",214.33
A,3,"[2016-08-05 09:00:00,2016-08-05 09:20:00)",256.75
A,3,"[2016-08-05 09:20:00,2016-08-05 09:40:00)",153.27
A,3,"[2016-08-05 09:40:00,2016-08-05 10:00:00)",127.74
A,3,"[2016-08-05 17:00:00,2016-08-05 17:20:00)",135.81
A,3,"[2016-08-05 17:20:00,2016-08-05 17:40:00)",114.1
A,3,"[2016-08-05 17:40:00,2016-08-05 18:00:00)",131.69
A,3,"[2016-08-05 18:00:00,2016-08-05 18:20:00)",173.54
A,3,"[2016-08-05 18:20:00,2016-08-05 18:40:00)",144.91
A,3,"[2016-08-05 18:40:00,2016-08-05 19:00:00)",161.13
A,3,"[2016-08-06 08:00:00,2016-08-06 08:20:00)",160.89
A,3,"[2016-08-06 08:20:00,2016-08-06 08:40:00)",113.35
A,3,"[2016-08-06 08:40:00,2016-08-06 09:00:00)",139.15
A,3,"[2016-08-06 09:00:00,2016-08-06 09:20:00)",160.62
A,3,"[2016-08-06 09:20:00,2016-08-06 09:40:00)",93.59
A,3,"[2016-08-06 17:00:00,2016-08-06 17:20:00)",166.56
A,3,"[2016-08-06 17:20:00,2016-08-06 17:40:00)",128.72
A,3,"[2016-08-06 17:40:00,2016-08-06 18:00:00)",139.27
A,3,"[2016-08-06 18:00:00,2016-08-06 18:20:00)",105.42
A,3,"[2016-08-06 18:20:00,2016-08-06 18:40:00)",143.72
A,3,"[2016-08-06 18:40:00,2016-08-06 19:00:00)",125.98
A,3,"[2016-08-07 08:00:00,2016-08-07 08:20:00)",133.65
A,3,"[2016-08-07 08:20:00,2016-08-07 08:40:00)",100.95
A,3,"[2016-08-07 08:40:00,2016-08-07 09:00:00)",125.82
A,3,"[2016-08-07 09:00:00,2016-08-07 09:20:00)",90.72
A,3,"[2016-08-07 09:20:00,2016-08-07 09:40:00)",146.06
A,3,"[2016-08-07 09:40:00,2016-08-07 10:00:00)",122.44
A,3,"[2016-08-07 17:00:00,2016-08-07 17:20:00)",164.8
A,3,"[2016-08-07 17:20:00,2016-08-07 17:40:00)",210.73
A,3,"[2016-08-07 17:40:00,2016-08-07 18:00:00)",126.35
A,3,"[2016-08-07 18:00:00,2016-08-07 18:20:00)",110.61
A,3,"[2016-08-07 18:20:00,2016-08-07 18:40:00)",120.31
A,3,"[2016-08-07 18:40:00,2016-08-07 19:00:00)",106.61
A,3,"[2016-08-08 08:00:00,2016-08-08 08:20:00)",153.5
A,3,"[2016-08-08 08:20:00,2016-08-08 08:40:00)",146.74
A,3,"[2016-08-08 08:40:00,2016-08-08 09:00:00)",145.89
A,3,"[2016-08-08 09:00:00,2016-08-08 09:20:00)",203.09
A,3,"[2016-08-08 09:20:00,2016-08-08 09:40:00)",290.94
A,3,"[2016-08-08 09:40:00,2016-08-08 10:00:00)",209.87
A,3,"[2016-08-08 18:20:00,2016-08-08 18:40:00)",136.26
A,3,"[2016-08-08 18:40:00,2016-08-08 19:00:00)",96.23
A,3,"[2016-08-09 08:00:00,2016-08-09 08:20:00)",163.1
A,3,"[2016-08-09 08:20:00,2016-08-09 08:40:00)",157.14
A,3,"[2016-08-09 08:40:00,2016-08-09 09:00:00)",242.93
A,3,"[2016-08-09 09:00:00,2016-08-09 09:20:00)",362.02
A,3,"[2016-08-09 09:20:00,2016-08-09 09:40:00)",311.52
A,3,"[2016-08-09 09:40:00,2016-08-09 10:00:00)",132.45
A,3,"[2016-08-09 17:00:00,2016-08-09 17:20:00)",125.94
A,3,"[2016-08-09 17:20:00,2016-08-09 17:40:00)",140.15
A,3,"[2016-08-09 17:40:00,2016-08-09 18:00:00)",136.93
A,3,"[2016-08-09 18:00:00,2016-08-09 18:20:00)",122.58
A,3,"[2016-08-09 18:20:00,2016-08-09 18:40:00)",162.73
A,3,"[2016-08-09 18:40:00,2016-08-09 19:00:00)",102.23
A,3,"[2016-08-10 08:40:00,2016-08-10 09:00:00)",144.84
A,3,"[2016-08-10 09:00:00,2016-08-10 09:20:00)",134.32
A,3,"[2016-08-10 09:20:00,2016-08-10 09:40:00)",114.31
A,3,"[2016-08-10 09:40:00,2016-08-10 10:00:00)",97.18
A,3,"[2016-08-10 17:00:00,2016-08-10 17:20:00)",208.96
A,3,"[2016-08-10 17:20:00,2016-08-10 17:40:00)",148.56
A,3,"[2016-08-10 17:40:00,2016-08-10 18:00:00)",147.97
A,3,"[2016-08-10 18:00:00,2016-08-10 18:20:00)",126.9
A,3,"[2016-08-10 18:20:00,2016-08-10 18:40:00)",200.64
A,3,"[2016-08-10 18:40:00,2016-08-10 19:00:00)",143
A,3,"[2016-08-11 08:00:00,2016-08-11 08:20:00)",159.2
A,3,"[2016-08-11 08:20:00,2016-08-11 08:40:00)",182.95
A,3,"[2016-08-11 08:40:00,2016-08-11 09:00:00)",177.04
A,3,"[2016-08-11 09:00:00,2016-08-11 09:20:00)",291.07
A,3,"[2016-08-11 09:20:00,2016-08-11 09:40:00)",233.24
A,3,"[2016-08-11 09:40:00,2016-08-11 10:00:00)",154.01
A,3,"[2016-08-11 17:00:00,2016-08-11 17:20:00)",174.19
A,3,"[2016-08-11 17:20:00,2016-08-11 17:40:00)",94.26
A,3,"[2016-08-11 17:40:00,2016-08-11 18:00:00)",149.43
A,3,"[2016-08-11 18:00:00,2016-08-11 18:20:00)",147.66
A,3,"[2016-08-11 18:20:00,2016-08-11 18:40:00)",116.97
A,3,"[2016-08-11 18:40:00,2016-08-11 19:00:00)",122.3
A,3,"[2016-08-12 08:00:00,2016-08-12 08:20:00)",129.93
A,3,"[2016-08-12 08:20:00,2016-08-12 08:40:00)",177.12
A,3,"[2016-08-12 08:40:00,2016-08-12 09:00:00)",195.91
A,3,"[2016-08-12 09:00:00,2016-08-12 09:20:00)",181.9
A,3,"[2016-08-12 09:20:00,2016-08-12 09:40:00)",156.26
A,3,"[2016-08-12 09:40:00,2016-08-12 10:00:00)",112.37
A,3,"[2016-08-12 17:00:00,2016-08-12 17:20:00)",137.39
A,3,"[2016-08-12 17:20:00,2016-08-12 17:40:00)",158.54
A,3,"[2016-08-12 17:40:00,2016-08-12 18:00:00)",170.63
A,3,"[2016-08-12 18:00:00,2016-08-12 18:20:00)",126.49
A,3,"[2016-08-12 18:20:00,2016-08-12 18:40:00)",125.24
A,3,"[2016-08-12 18:40:00,2016-08-12 19:00:00)",141.7
A,3,"[2016-08-13 08:00:00,2016-08-13 08:20:00)",107.73
A,3,"[2016-08-13 08:20:00,2016-08-13 08:40:00)",154.95
A,3,"[2016-08-13 08:40:00,2016-08-13 09:00:00)",102.66
A,3,"[2016-08-13 09:00:00,2016-08-13 09:20:00)",146.58
A,3,"[2016-08-13 17:00:00,2016-08-13 17:20:00)",129.14
A,3,"[2016-08-13 17:20:00,2016-08-13 17:40:00)",120.11
A,3,"[2016-08-13 17:40:00,2016-08-13 18:00:00)",130.05
A,3,"[2016-08-13 18:00:00,2016-08-13 18:20:00)",94.11
A,3,"[2016-08-13 18:20:00,2016-08-13 18:40:00)",137.65
A,3,"[2016-08-13 18:40:00,2016-08-13 19:00:00)",96.93
A,3,"[2016-08-14 08:00:00,2016-08-14 08:20:00)",108.16
A,3,"[2016-08-14 08:20:00,2016-08-14 08:40:00)",110.62
A,3,"[2016-08-14 08:40:00,2016-08-14 09:00:00)",195.76
A,3,"[2016-08-14 09:00:00,2016-08-14 09:20:00)",117.64
A,3,"[2016-08-14 09:20:00,2016-08-14 09:40:00)",117.94
A,3,"[2016-08-14 09:40:00,2016-08-14 10:00:00)",117.36
A,3,"[2016-08-14 17:20:00,2016-08-14 17:40:00)",70.44
A,3,"[2016-08-14 17:40:00,2016-08-14 18:00:00)",125.53
A,3,"[2016-08-14 18:00:00,2016-08-14 18:20:00)",90.31
A,3,"[2016-08-14 18:20:00,2016-08-14 18:40:00)",121.1
A,3,"[2016-08-14 18:40:00,2016-08-14 19:00:00)",141.3
A,3,"[2016-08-15 08:00:00,2016-08-15 08:20:00)",172.77
A,3,"[2016-08-15 08:20:00,2016-08-15 08:40:00)",88.34
A,3,"[2016-08-15 08:40:00,2016-08-15 09:00:00)",141.78
A,3,"[2016-08-15 09:00:00,2016-08-15 09:20:00)",159.07
A,3,"[2016-08-15 09:20:00,2016-08-15 09:40:00)",147.33
A,3,"[2016-08-15 09:40:00,2016-08-15 10:00:00)",130.35
A,3,"[2016-08-15 17:20:00,2016-08-15 17:40:00)",105.1
A,3,"[2016-08-15 17:40:00,2016-08-15 18:00:00)",109.91
A,3,"[2016-08-15 18:00:00,2016-08-15 18:20:00)",116.03
A,3,"[2016-08-15 18:20:00,2016-08-15 18:40:00)",135.06
A,3,"[2016-08-16 08:20:00,2016-08-16 08:40:00)",130.48
A,3,"[2016-08-16 08:40:00,2016-08-16 09:00:00)",181.9
A,3,"[2016-08-16 09:00:00,2016-08-16 09:20:00)",215.77
A,3,"[2016-08-16 09:20:00,2016-08-16 09:40:00)",231.65
A,3,"[2016-08-16 09:40:00,2016-08-16 10:00:00)",243.44
A,3,"[2016-08-16 17:00:00,2016-08-16 17:20:00)",124.02
A,3,"[2016-08-16 17:20:00,2016-08-16 17:40:00)",109.89
A,3,"[2016-08-16 17:40:00,2016-08-16 18:00:00)",118.51
A,3,"[2016-08-16 18:00:00,2016-08-16 18:20:00)",119.89
A,3,"[2016-08-16 18:20:00,2016-08-16 18:40:00)",114.33
A,3,"[2016-08-16 18:40:00,2016-08-16 19:00:00)",102.05
A,3,"[2016-08-17 08:00:00,2016-08-17 08:20:00)",175
A,3,"[2016-08-17 08:20:00,2016-08-17 08:40:00)",139.3
A,3,"[2016-08-17 08:40:00,2016-08-17 09:00:00)",155.42
A,3,"[2016-08-17 09:00:00,2016-08-17 09:20:00)",140.95
A,3,"[2016-08-17 09:20:00,2016-08-17 09:40:00)",238.22
A,3,"[2016-08-17 09:40:00,2016-08-17 10:00:00)",118.7
A,3,"[2016-08-17 17:00:00,2016-08-17 17:20:00)",75.84
A,3,"[2016-08-17 17:20:00,2016-08-17 17:40:00)",88.01
A,3,"[2016-08-17 17:40:00,2016-08-17 18:00:00)",99.19
A,3,"[2016-08-17 18:00:00,2016-08-17 18:20:00)",100.89
A,3,"[2016-08-17 18:20:00,2016-08-17 18:40:00)",115.59
A,3,"[2016-08-17 18:40:00,2016-08-17 19:00:00)",138.03
A,3,"[2016-08-18 08:00:00,2016-08-18 08:20:00)",117.43
A,3,"[2016-08-18 08:20:00,2016-08-18 08:40:00)",137.36
A,3,"[2016-08-18 08:40:00,2016-08-18 09:00:00)",168.85
A,3,"[2016-08-18 09:00:00,2016-08-18 09:20:00)",272.54
A,3,"[2016-08-18 09:20:00,2016-08-18 09:40:00)",247.14
A,3,"[2016-08-18 09:40:00,2016-08-18 10:00:00)",171.26
A,3,"[2016-08-18 17:00:00,2016-08-18 17:20:00)",108.29
A,3,"[2016-08-18 17:20:00,2016-08-18 17:40:00)",104.31
A,3,"[2016-08-18 17:40:00,2016-08-18 18:00:00)",111.73
A,3,"[2016-08-18 18:00:00,2016-08-18 18:20:00)",118.94
A,3,"[2016-08-18 18:20:00,2016-08-18 18:40:00)",117.54
A,3,"[2016-08-18 18:40:00,2016-08-18 19:00:00)",264.56
A,3,"[2016-08-19 08:00:00,2016-08-19 08:20:00)",113.19
A,3,"[2016-08-19 08:20:00,2016-08-19 08:40:00)",106.72
A,3,"[2016-08-19 08:40:00,2016-08-19 09:00:00)",244.53
A,3,"[2016-08-19 09:00:00,2016-08-19 09:20:00)",292.41
A,3,"[2016-08-19 09:20:00,2016-08-19 09:40:00)",284.44
A,3,"[2016-08-19 09:40:00,2016-08-19 10:00:00)",122.88
A,3,"[2016-08-19 17:00:00,2016-08-19 17:20:00)",124.09
A,3,"[2016-08-19 17:20:00,2016-08-19 17:40:00)",121.4
A,3,"[2016-08-19 17:40:00,2016-08-19 18:00:00)",108.13
A,3,"[2016-08-19 18:00:00,2016-08-19 18:20:00)",105.95
A,3,"[2016-08-19 18:20:00,2016-08-19 18:40:00)",117.8
A,3,"[2016-08-19 18:40:00,2016-08-19 19:00:00)",78.3
A,3,"[2016-08-20 08:00:00,2016-08-20 08:20:00)",105.74
A,3,"[2016-08-20 08:20:00,2016-08-20 08:40:00)",94.19
A,3,"[2016-08-20 08:40:00,2016-08-20 09:00:00)",99.54
A,3,"[2016-08-20 09:00:00,2016-08-20 09:20:00)",122.07
A,3,"[2016-08-20 09:20:00,2016-08-20 09:40:00)",171.51
A,3,"[2016-08-20 09:40:00,2016-08-20 10:00:00)",97.09
A,3,"[2016-08-20 17:20:00,2016-08-20 17:40:00)",102.25
A,3,"[2016-08-20 17:40:00,2016-08-20 18:00:00)",102.94
A,3,"[2016-08-20 18:00:00,2016-08-20 18:20:00)",94.19
A,3,"[2016-08-20 18:20:00,2016-08-20 18:40:00)",112.91
A,3,"[2016-08-20 18:40:00,2016-08-20 19:00:00)",82.98
A,3,"[2016-08-21 08:00:00,2016-08-21 08:20:00)",129.91
A,3,"[2016-08-21 08:20:00,2016-08-21 08:40:00)",87.41
A,3,"[2016-08-21 08:40:00,2016-08-21 09:00:00)",87.52
A,3,"[2016-08-21 09:00:00,2016-08-21 09:20:00)",84.01
A,3,"[2016-08-21 09:20:00,2016-08-21 09:40:00)",85.87
A,3,"[2016-08-21 09:40:00,2016-08-21 10:00:00)",90.63
A,3,"[2016-08-21 17:00:00,2016-08-21 17:20:00)",105.76
A,3,"[2016-08-21 17:20:00,2016-08-21 17:40:00)",99.53
A,3,"[2016-08-21 17:40:00,2016-08-21 18:00:00)",122.57
A,3,"[2016-08-21 18:00:00,2016-08-21 18:20:00)",70.76
A,3,"[2016-08-21 18:20:00,2016-08-21 18:40:00)",100.95
A,3,"[2016-08-21 18:40:00,2016-08-21 19:00:00)",100.72
A,3,"[2016-08-22 08:00:00,2016-08-22 08:20:00)",146.72
A,3,"[2016-08-22 08:20:00,2016-08-22 08:40:00)",126.01
A,3,"[2016-08-22 08:40:00,2016-08-22 09:00:00)",93.77
A,3,"[2016-08-22 09:00:00,2016-08-22 09:20:00)",222.27
A,3,"[2016-08-22 09:20:00,2016-08-22 09:40:00)",220.63
A,3,"[2016-08-22 09:40:00,2016-08-22 10:00:00)",80.38
A,3,"[2016-08-22 17:00:00,2016-08-22 17:20:00)",73.09
A,3,"[2016-08-22 17:20:00,2016-08-22 17:40:00)",101.1
A,3,"[2016-08-22 17:40:00,2016-08-22 18:00:00)",90.52
A,3,"[2016-08-22 18:00:00,2016-08-22 18:20:00)",114.67
A,3,"[2016-08-22 18:20:00,2016-08-22 18:40:00)",88.12
A,3,"[2016-08-22 18:40:00,2016-08-22 19:00:00)",84.45
A,3,"[2016-08-23 08:00:00,2016-08-23 08:20:00)",97.81
A,3,"[2016-08-23 08:20:00,2016-08-23 08:40:00)",106.33
A,3,"[2016-08-23 08:40:00,2016-08-23 09:00:00)",116.3
A,3,"[2016-08-23 09:00:00,2016-08-23 09:20:00)",68.16
A,3,"[2016-08-23 09:20:00,2016-08-23 09:40:00)",86.37
A,3,"[2016-08-23 09:40:00,2016-08-23 10:00:00)",91.97
A,3,"[2016-08-23 17:00:00,2016-08-23 17:20:00)",91.62
A,3,"[2016-08-23 17:20:00,2016-08-23 17:40:00)",104.56
A,3,"[2016-08-23 17:40:00,2016-08-23 18:00:00)",80.32
A,3,"[2016-08-23 18:00:00,2016-08-23 18:20:00)",111.87
A,3,"[2016-08-23 18:40:00,2016-08-23 19:00:00)",95.45
A,3,"[2016-08-24 08:00:00,2016-08-24 08:20:00)",145
A,3,"[2016-08-24 08:20:00,2016-08-24 08:40:00)",103.65
A,3,"[2016-08-24 08:40:00,2016-08-24 09:00:00)",181.44
A,3,"[2016-08-24 09:00:00,2016-08-24 09:20:00)",230.09
A,3,"[2016-08-24 09:20:00,2016-08-24 09:40:00)",130.85
A,3,"[2016-08-24 09:40:00,2016-08-24 10:00:00)",127.38
A,3,"[2016-08-24 17:00:00,2016-08-24 17:20:00)",121.45
A,3,"[2016-08-24 17:40:00,2016-08-24 18:00:00)",109.06
A,3,"[2016-08-24 18:00:00,2016-08-24 18:20:00)",74.52
A,3,"[2016-08-24 18:20:00,2016-08-24 18:40:00)",158.96
A,3,"[2016-08-24 18:40:00,2016-08-24 19:00:00)",59.92
A,3,"[2016-08-25 08:00:00,2016-08-25 08:20:00)",120.63
A,3,"[2016-08-25 08:20:00,2016-08-25 08:40:00)",85.61
A,3,"[2016-08-25 08:40:00,2016-08-25 09:00:00)",116.57
A,3,"[2016-08-25 09:00:00,2016-08-25 09:20:00)",69.51
A,3,"[2016-08-25 09:20:00,2016-08-25 09:40:00)",80.31
A,3,"[2016-08-25 09:40:00,2016-08-25 10:00:00)",109.32
A,3,"[2016-08-25 17:00:00,2016-08-25 17:20:00)",102.42
A,3,"[2016-08-25 17:20:00,2016-08-25 17:40:00)",88.62
A,3,"[2016-08-25 17:40:00,2016-08-25 18:00:00)",96.56
A,3,"[2016-08-25 18:00:00,2016-08-25 18:20:00)",93.86
A,3,"[2016-08-25 18:20:00,2016-08-25 18:40:00)",86.81
A,3,"[2016-08-25 18:40:00,2016-08-25 19:00:00)",118.61
A,3,"[2016-08-26 08:00:00,2016-08-26 08:20:00)",122.4
A,3,"[2016-08-26 08:40:00,2016-08-26 09:00:00)",187.84
A,3,"[2016-08-26 09:00:00,2016-08-26 09:20:00)",145.85
A,3,"[2016-08-26 09:20:00,2016-08-26 09:40:00)",108.9
A,3,"[2016-08-26 17:00:00,2016-08-26 17:20:00)",73.02
A,3,"[2016-08-26 17:20:00,2016-08-26 17:40:00)",97.84
A,3,"[2016-08-26 17:40:00,2016-08-26 18:00:00)",110.7
A,3,"[2016-08-26 18:00:00,2016-08-26 18:20:00)",87.69
A,3,"[2016-08-26 18:20:00,2016-08-26 18:40:00)",91.91
A,3,"[2016-08-26 18:40:00,2016-08-26 19:00:00)",83.57
A,3,"[2016-08-27 08:00:00,2016-08-27 08:20:00)",86.39
A,3,"[2016-08-27 08:40:00,2016-08-27 09:00:00)",94.28
A,3,"[2016-08-27 09:00:00,2016-08-27 09:20:00)",103.47
A,3,"[2016-08-27 09:20:00,2016-08-27 09:40:00)",92.77
A,3,"[2016-08-27 09:40:00,2016-08-27 10:00:00)",89.94
A,3,"[2016-08-27 17:00:00,2016-08-27 17:20:00)",89.2
A,3,"[2016-08-27 17:20:00,2016-08-27 17:40:00)",81.83
A,3,"[2016-08-27 17:40:00,2016-08-27 18:00:00)",144.21
A,3,"[2016-08-27 18:00:00,2016-08-27 18:20:00)",102.82
A,3,"[2016-08-27 18:20:00,2016-08-27 18:40:00)",90.88
A,3,"[2016-08-27 18:40:00,2016-08-27 19:00:00)",92.35
A,3,"[2016-08-28 08:00:00,2016-08-28 08:20:00)",76.2
A,3,"[2016-08-28 08:20:00,2016-08-28 08:40:00)",91.21
A,3,"[2016-08-28 08:40:00,2016-08-28 09:00:00)",90.38
A,3,"[2016-08-28 09:00:00,2016-08-28 09:20:00)",93.46
A,3,"[2016-08-28 09:20:00,2016-08-28 09:40:00)",106.78
A,3,"[2016-08-28 09:40:00,2016-08-28 10:00:00)",80.11
A,3,"[2016-08-28 17:20:00,2016-08-28 17:40:00)",102.22
A,3,"[2016-08-28 18:00:00,2016-08-28 18:20:00)",82.07
A,3,"[2016-08-28 18:20:00,2016-08-28 18:40:00)",86.36
A,3,"[2016-08-28 18:40:00,2016-08-28 19:00:00)",106.5
A,3,"[2016-08-29 08:00:00,2016-08-29 08:20:00)",257.88
A,3,"[2016-08-29 08:20:00,2016-08-29 08:40:00)",489.23
A,3,"[2016-08-29 09:00:00,2016-08-29 09:20:00)",856.71
A,3,"[2016-08-29 09:20:00,2016-08-29 09:40:00)",666.14
A,3,"[2016-08-29 09:40:00,2016-08-29 10:00:00)",570.43
A,3,"[2016-08-29 17:00:00,2016-08-29 17:20:00)",98.49
A,3,"[2016-08-29 17:20:00,2016-08-29 17:40:00)",79.45
A,3,"[2016-08-29 17:40:00,2016-08-29 18:00:00)",106.35
A,3,"[2016-08-29 18:00:00,2016-08-29 18:20:00)",391.99
A,3,"[2016-08-29 18:20:00,2016-08-29 18:40:00)",313.28
A,3,"[2016-08-29 18:40:00,2016-08-29 19:00:00)",458.52
A,3,"[2016-08-30 08:20:00,2016-08-30 08:40:00)",200.37
A,3,"[2016-08-30 08:40:00,2016-08-30 09:00:00)",86.39
A,3,"[2016-08-30 09:00:00,2016-08-30 09:20:00)",271.09
A,3,"[2016-08-30 09:20:00,2016-08-30 09:40:00)",138.63
A,3,"[2016-08-30 09:40:00,2016-08-30 10:00:00)",149.36
A,3,"[2016-08-30 17:00:00,2016-08-30 17:20:00)",140.97
A,3,"[2016-08-30 17:20:00,2016-08-30 17:40:00)",104.31
A,3,"[2016-08-30 17:40:00,2016-08-30 18:00:00)",90.94
A,3,"[2016-08-30 18:00:00,2016-08-30 18:20:00)",92.92
A,3,"[2016-08-30 18:40:00,2016-08-30 19:00:00)",93.4
A,3,"[2016-08-31 08:00:00,2016-08-31 08:20:00)",302.98
A,3,"[2016-08-31 08:20:00,2016-08-31 08:40:00)",806.31
A,3,"[2016-08-31 08:40:00,2016-08-31 09:00:00)",232.54
A,3,"[2016-08-31 09:00:00,2016-08-31 09:20:00)",425.87
A,3,"[2016-08-31 09:20:00,2016-08-31 09:40:00)",298.73
A,3,"[2016-08-31 09:40:00,2016-08-31 10:00:00)",104.1
A,3,"[2016-08-31 17:00:00,2016-08-31 17:20:00)",116.46
A,3,"[2016-08-31 17:20:00,2016-08-31 17:40:00)",87.95
A,3,"[2016-08-31 17:40:00,2016-08-31 18:00:00)",87.26
A,3,"[2016-08-31 18:20:00,2016-08-31 18:40:00)",255.06
A,3,"[2016-08-31 18:40:00,2016-08-31 19:00:00)",76.63
A,3,"[2016-09-01 08:00:00,2016-09-01 08:20:00)",95.49
A,3,"[2016-09-01 08:20:00,2016-09-01 08:40:00)",126.49
A,3,"[2016-09-01 08:40:00,2016-09-01 09:00:00)",93.69
A,3,"[2016-09-01 09:00:00,2016-09-01 09:20:00)",99.34
A,3,"[2016-09-01 09:20:00,2016-09-01 09:40:00)",83.25
A,3,"[2016-09-01 09:40:00,2016-09-01 10:00:00)",93.72
A,3,"[2016-09-01 17:00:00,2016-09-01 17:20:00)",89.63
A,3,"[2016-09-01 17:20:00,2016-09-01 17:40:00)",73.08
A,3,"[2016-09-01 17:40:00,2016-09-01 18:00:00)",79.57
A,3,"[2016-09-01 18:20:00,2016-09-01 18:40:00)",82.07
A,3,"[2016-09-01 18:40:00,2016-09-01 19:00:00)",106.18
A,3,"[2016-09-02 08:00:00,2016-09-02 08:20:00)",78.05
A,3,"[2016-09-02 08:20:00,2016-09-02 08:40:00)",98.99
A,3,"[2016-09-02 08:40:00,2016-09-02 09:00:00)",89.57
A,3,"[2016-09-02 09:00:00,2016-09-02 09:20:00)",94.66
A,3,"[2016-09-02 09:20:00,2016-09-02 09:40:00)",91.61
A,3,"[2016-09-02 09:40:00,2016-09-02 10:00:00)",103.34
A,3,"[2016-09-02 17:00:00,2016-09-02 17:20:00)",69.73
A,3,"[2016-09-02 17:20:00,2016-09-02 17:40:00)",82.44
A,3,"[2016-09-02 17:40:00,2016-09-02 18:00:00)",72.29
A,3,"[2016-09-02 18:00:00,2016-09-02 18:20:00)",96.8
A,3,"[2016-09-02 18:20:00,2016-09-02 18:40:00)",114.26
A,3,"[2016-09-03 08:00:00,2016-09-03 08:20:00)",100.77
A,3,"[2016-09-03 08:20:00,2016-09-03 08:40:00)",87.27
A,3,"[2016-09-03 08:40:00,2016-09-03 09:00:00)",100.2
A,3,"[2016-09-03 09:00:00,2016-09-03 09:20:00)",93.54
A,3,"[2016-09-03 09:20:00,2016-09-03 09:40:00)",88.35
A,3,"[2016-09-03 09:40:00,2016-09-03 10:00:00)",80.5
A,3,"[2016-09-03 17:20:00,2016-09-03 17:40:00)",79.29
A,3,"[2016-09-03 18:40:00,2016-09-03 19:00:00)",81.62
A,3,"[2016-09-04 08:00:00,2016-09-04 08:20:00)",91.39
A,3,"[2016-09-04 08:20:00,2016-09-04 08:40:00)",95.29
A,3,"[2016-09-04 08:40:00,2016-09-04 09:00:00)",81.45
A,3,"[2016-09-04 09:00:00,2016-09-04 09:20:00)",83.33
A,3,"[2016-09-04 09:20:00,2016-09-04 09:40:00)",109.39
A,3,"[2016-09-04 09:40:00,2016-09-04 10:00:00)",70.53
A,3,"[2016-09-04 17:00:00,2016-09-04 17:20:00)",83.59
A,3,"[2016-09-04 17:20:00,2016-09-04 17:40:00)",72.36
A,3,"[2016-09-05 08:00:00,2016-09-05 08:20:00)",90.59
A,3,"[2016-09-05 08:20:00,2016-09-05 08:40:00)",71.84
A,3,"[2016-09-05 08:40:00,2016-09-05 09:00:00)",93.75
A,3,"[2016-09-05 09:00:00,2016-09-05 09:20:00)",112.13
A,3,"[2016-09-05 17:00:00,2016-09-05 17:20:00)",92.83
A,3,"[2016-09-05 17:20:00,2016-09-05 17:40:00)",69.28
A,3,"[2016-09-05 17:40:00,2016-09-05 18:00:00)",156.77
A,3,"[2016-09-05 18:00:00,2016-09-05 18:20:00)",95.98
A,3,"[2016-09-05 18:20:00,2016-09-05 18:40:00)",93.68
A,3,"[2016-09-06 08:00:00,2016-09-06 08:20:00)",110.15
A,3,"[2016-09-06 08:20:00,2016-09-06 08:40:00)",84.81
A,3,"[2016-09-06 08:40:00,2016-09-06 09:00:00)",106.22
A,3,"[2016-09-06 09:00:00,2016-09-06 09:20:00)",95.33
A,3,"[2016-09-06 09:20:00,2016-09-06 09:40:00)",106.58
A,3,"[2016-09-06 17:20:00,2016-09-06 17:40:00)",107.16
A,3,"[2016-09-06 17:40:00,2016-09-06 18:00:00)",63.84
A,3,"[2016-09-06 18:20:00,2016-09-06 18:40:00)",140.54
A,3,"[2016-09-06 18:40:00,2016-09-06 19:00:00)",94.88
A,3,"[2016-09-07 08:00:00,2016-09-07 08:20:00)",96.34
A,3,"[2016-09-07 08:20:00,2016-09-07 08:40:00)",109.8
A,3,"[2016-09-07 08:40:00,2016-09-07 09:00:00)",100.49
A,3,"[2016-09-07 09:00:00,2016-09-07 09:20:00)",114.62
A,3,"[2016-09-07 09:20:00,2016-09-07 09:40:00)",118.8
A,3,"[2016-09-07 09:40:00,2016-09-07 10:00:00)",77.33
A,3,"[2016-09-07 17:20:00,2016-09-07 17:40:00)",119.61
A,3,"[2016-09-07 17:40:00,2016-09-07 18:00:00)",117.38
A,3,"[2016-09-07 18:00:00,2016-09-07 18:20:00)",100.54
A,3,"[2016-09-07 18:20:00,2016-09-07 18:40:00)",147.15
A,3,"[2016-09-07 18:40:00,2016-09-07 19:00:00)",172.69
A,3,"[2016-09-08 08:00:00,2016-09-08 08:20:00)",126.32
A,3,"[2016-09-08 08:20:00,2016-09-08 08:40:00)",95.53
A,3,"[2016-09-08 08:40:00,2016-09-08 09:00:00)",100.76
A,3,"[2016-09-08 09:00:00,2016-09-08 09:20:00)",110.9
A,3,"[2016-09-08 09:20:00,2016-09-08 09:40:00)",103.54
A,3,"[2016-09-08 09:40:00,2016-09-08 10:00:00)",104.23
A,3,"[2016-09-08 17:00:00,2016-09-08 17:20:00)",108.57
A,3,"[2016-09-08 17:20:00,2016-09-08 17:40:00)",83.34
A,3,"[2016-09-08 17:40:00,2016-09-08 18:00:00)",100.67
A,3,"[2016-09-08 18:00:00,2016-09-08 18:20:00)",85.03
A,3,"[2016-09-08 18:20:00,2016-09-08 18:40:00)",108.43
A,3,"[2016-09-08 18:40:00,2016-09-08 19:00:00)",79.25
A,3,"[2016-09-09 08:00:00,2016-09-09 08:20:00)",138.46
A,3,"[2016-09-09 08:20:00,2016-09-09 08:40:00)",196.6
A,3,"[2016-09-09 08:40:00,2016-09-09 09:00:00)",171.04
A,3,"[2016-09-09 09:00:00,2016-09-09 09:20:00)",208.08
A,3,"[2016-09-09 09:20:00,2016-09-09 09:40:00)",190.96
A,3,"[2016-09-09 09:40:00,2016-09-09 10:00:00)",140.58
A,3,"[2016-09-09 17:00:00,2016-09-09 17:20:00)",82.18
A,3,"[2016-09-09 17:20:00,2016-09-09 17:40:00)",136.5
A,3,"[2016-09-09 17:40:00,2016-09-09 18:00:00)",114.85
A,3,"[2016-09-09 18:00:00,2016-09-09 18:20:00)",108.46
A,3,"[2016-09-09 18:20:00,2016-09-09 18:40:00)",108.55
A,3,"[2016-09-09 18:40:00,2016-09-09 19:00:00)",123.18
A,3,"[2016-09-10 08:00:00,2016-09-10 08:20:00)",123.36
A,3,"[2016-09-10 08:20:00,2016-09-10 08:40:00)",214.22
A,3,"[2016-09-10 08:40:00,2016-09-10 09:00:00)",204.71
A,3,"[2016-09-10 09:00:00,2016-09-10 09:20:00)",215.5
A,3,"[2016-09-10 09:20:00,2016-09-10 09:40:00)",199.61
A,3,"[2016-09-10 09:40:00,2016-09-10 10:00:00)",168.01
A,3,"[2016-09-10 17:00:00,2016-09-10 17:20:00)",239.5
A,3,"[2016-09-10 17:20:00,2016-09-10 17:40:00)",185.17
A,3,"[2016-09-10 17:40:00,2016-09-10 18:00:00)",209.01
A,3,"[2016-09-10 18:00:00,2016-09-10 18:20:00)",196.58
A,3,"[2016-09-10 18:20:00,2016-09-10 18:40:00)",218.65
A,3,"[2016-09-10 18:40:00,2016-09-10 19:00:00)",174.27
A,3,"[2016-09-11 08:00:00,2016-09-11 08:20:00)",106.12
A,3,"[2016-09-11 08:20:00,2016-09-11 08:40:00)",91.41
A,3,"[2016-09-11 08:40:00,2016-09-11 09:00:00)",181.54
A,3,"[2016-09-11 09:00:00,2016-09-11 09:20:00)",160.47
A,3,"[2016-09-11 09:20:00,2016-09-11 09:40:00)",189.32
A,3,"[2016-09-11 09:40:00,2016-09-11 10:00:00)",213.87
A,3,"[2016-09-11 17:00:00,2016-09-11 17:20:00)",131.27
A,3,"[2016-09-11 17:20:00,2016-09-11 17:40:00)",165.65
A,3,"[2016-09-11 17:40:00,2016-09-11 18:00:00)",120.46
A,3,"[2016-09-11 18:00:00,2016-09-11 18:20:00)",114.89
A,3,"[2016-09-11 18:20:00,2016-09-11 18:40:00)",91.59
A,3,"[2016-09-11 18:40:00,2016-09-11 19:00:00)",102.21
A,3,"[2016-09-12 08:20:00,2016-09-12 08:40:00)",115.28
A,3,"[2016-09-12 08:40:00,2016-09-12 09:00:00)",147.57
A,3,"[2016-09-12 09:00:00,2016-09-12 09:20:00)",100.22
A,3,"[2016-09-12 09:20:00,2016-09-12 09:40:00)",126.47
A,3,"[2016-09-12 09:40:00,2016-09-12 10:00:00)",137.74
A,3,"[2016-09-12 17:00:00,2016-09-12 17:20:00)",116.59
A,3,"[2016-09-12 17:20:00,2016-09-12 17:40:00)",116.86
A,3,"[2016-09-12 17:40:00,2016-09-12 18:00:00)",119.81
A,3,"[2016-09-12 18:00:00,2016-09-12 18:20:00)",108.88
A,3,"[2016-09-12 18:20:00,2016-09-12 18:40:00)",101.12
A,3,"[2016-09-12 18:40:00,2016-09-12 19:00:00)",130.71
A,3,"[2016-09-13 08:00:00,2016-09-13 08:20:00)",132.11
A,3,"[2016-09-13 08:20:00,2016-09-13 08:40:00)",147.56
A,3,"[2016-09-13 08:40:00,2016-09-13 09:00:00)",119.6
A,3,"[2016-09-13 09:00:00,2016-09-13 09:20:00)",107.69
A,3,"[2016-09-13 09:20:00,2016-09-13 09:40:00)",98.12
A,3,"[2016-09-13 09:40:00,2016-09-13 10:00:00)",177.5
A,3,"[2016-09-13 17:00:00,2016-09-13 17:20:00)",105.32
A,3,"[2016-09-13 17:20:00,2016-09-13 17:40:00)",122.16
A,3,"[2016-09-13 17:40:00,2016-09-13 18:00:00)",120.96
A,3,"[2016-09-13 18:00:00,2016-09-13 18:20:00)",120.52
A,3,"[2016-09-13 18:20:00,2016-09-13 18:40:00)",137.36
A,3,"[2016-09-13 18:40:00,2016-09-13 19:00:00)",117.67
A,3,"[2016-09-14 08:00:00,2016-09-14 08:20:00)",110.8
A,3,"[2016-09-14 08:20:00,2016-09-14 08:40:00)",153.04
A,3,"[2016-09-14 08:40:00,2016-09-14 09:00:00)",161.17
A,3,"[2016-09-14 09:00:00,2016-09-14 09:20:00)",97.76
A,3,"[2016-09-14 09:20:00,2016-09-14 09:40:00)",131.94
A,3,"[2016-09-14 09:40:00,2016-09-14 10:00:00)",125.05
A,3,"[2016-09-14 17:00:00,2016-09-14 17:20:00)",164.61
A,3,"[2016-09-14 17:20:00,2016-09-14 17:40:00)",127.43
A,3,"[2016-09-14 17:40:00,2016-09-14 18:00:00)",107.59
A,3,"[2016-09-14 18:00:00,2016-09-14 18:20:00)",109.21
A,3,"[2016-09-14 18:20:00,2016-09-14 18:40:00)",139.11
A,3,"[2016-09-14 18:40:00,2016-09-14 19:00:00)",91.82
A,3,"[2016-09-15 08:00:00,2016-09-15 08:20:00)",81.41
A,3,"[2016-09-15 08:20:00,2016-09-15 08:40:00)",145.76
A,3,"[2016-09-15 08:40:00,2016-09-15 09:00:00)",141.43
A,3,"[2016-09-15 09:00:00,2016-09-15 09:20:00)",111.16
A,3,"[2016-09-15 09:20:00,2016-09-15 09:40:00)",107.79
A,3,"[2016-09-15 09:40:00,2016-09-15 10:00:00)",113.88
A,3,"[2016-09-15 17:00:00,2016-09-15 17:20:00)",113.22
A,3,"[2016-09-15 17:20:00,2016-09-15 17:40:00)",113.15
A,3,"[2016-09-15 17:40:00,2016-09-15 18:00:00)",118.14
A,3,"[2016-09-15 18:00:00,2016-09-15 18:20:00)",123.77
A,3,"[2016-09-15 18:20:00,2016-09-15 18:40:00)",113.67
A,3,"[2016-09-15 18:40:00,2016-09-15 19:00:00)",131.99
A,3,"[2016-09-16 08:00:00,2016-09-16 08:20:00)",89
A,3,"[2016-09-16 08:20:00,2016-09-16 08:40:00)",77.89
A,3,"[2016-09-16 08:40:00,2016-09-16 09:00:00)",124.63
A,3,"[2016-09-16 09:00:00,2016-09-16 09:20:00)",94.77
A,3,"[2016-09-16 09:20:00,2016-09-16 09:40:00)",108.04
A,3,"[2016-09-16 09:40:00,2016-09-16 10:00:00)",104.23
A,3,"[2016-09-16 17:00:00,2016-09-16 17:20:00)",114.45
A,3,"[2016-09-16 17:20:00,2016-09-16 17:40:00)",107.52
A,3,"[2016-09-16 17:40:00,2016-09-16 18:00:00)",116.46
A,3,"[2016-09-16 18:00:00,2016-09-16 18:20:00)",116.54
A,3,"[2016-09-16 18:20:00,2016-09-16 18:40:00)",102.07
A,3,"[2016-09-16 18:40:00,2016-09-16 19:00:00)",97.61
A,3,"[2016-09-17 08:00:00,2016-09-17 08:20:00)",104.25
A,3,"[2016-09-17 08:20:00,2016-09-17 08:40:00)",104.39
A,3,"[2016-09-17 08:40:00,2016-09-17 09:00:00)",90.94
A,3,"[2016-09-17 09:00:00,2016-09-17 09:20:00)",103.92
A,3,"[2016-09-17 09:20:00,2016-09-17 09:40:00)",124.43
A,3,"[2016-09-17 09:40:00,2016-09-17 10:00:00)",132.77
A,3,"[2016-09-17 17:00:00,2016-09-17 17:20:00)",145.43
A,3,"[2016-09-17 17:20:00,2016-09-17 17:40:00)",95.67
A,3,"[2016-09-17 17:40:00,2016-09-17 18:00:00)",135.42
A,3,"[2016-09-17 18:00:00,2016-09-17 18:20:00)",151.02
A,3,"[2016-09-17 18:20:00,2016-09-17 18:40:00)",111.69
A,3,"[2016-09-17 18:40:00,2016-09-17 19:00:00)",108.31
A,3,"[2016-09-18 08:00:00,2016-09-18 08:20:00)",192.95
A,3,"[2016-09-18 08:20:00,2016-09-18 08:40:00)",143.88
A,3,"[2016-09-18 08:40:00,2016-09-18 09:00:00)",141.09
A,3,"[2016-09-18 09:00:00,2016-09-18 09:20:00)",137.96
A,3,"[2016-09-18 09:20:00,2016-09-18 09:40:00)",221.57
A,3,"[2016-09-18 09:40:00,2016-09-18 10:00:00)",93.02
A,3,"[2016-09-18 17:00:00,2016-09-18 17:20:00)",111.77
A,3,"[2016-09-18 17:20:00,2016-09-18 17:40:00)",99.74
A,3,"[2016-09-18 17:40:00,2016-09-18 18:00:00)",98.78
A,3,"[2016-09-18 18:00:00,2016-09-18 18:20:00)",119.18
A,3,"[2016-09-18 18:20:00,2016-09-18 18:40:00)",126.85
A,3,"[2016-09-18 18:40:00,2016-09-18 19:00:00)",120.82
A,3,"[2016-09-19 08:00:00,2016-09-19 08:20:00)",122.93
A,3,"[2016-09-19 08:20:00,2016-09-19 08:40:00)",125.95
A,3,"[2016-09-19 08:40:00,2016-09-19 09:00:00)",125.28
A,3,"[2016-09-19 09:00:00,2016-09-19 09:20:00)",132.03
A,3,"[2016-09-19 09:20:00,2016-09-19 09:40:00)",123.7
A,3,"[2016-09-19 09:40:00,2016-09-19 10:00:00)",225.87
A,3,"[2016-09-19 17:00:00,2016-09-19 17:20:00)",115.72
A,3,"[2016-09-19 17:20:00,2016-09-19 17:40:00)",134.77
A,3,"[2016-09-19 17:40:00,2016-09-19 18:00:00)",124.86
A,3,"[2016-09-19 18:00:00,2016-09-19 18:20:00)",110.21
A,3,"[2016-09-19 18:20:00,2016-09-19 18:40:00)",94.86
A,3,"[2016-09-19 18:40:00,2016-09-19 19:00:00)",130.83
A,3,"[2016-09-20 08:00:00,2016-09-20 08:20:00)",120.8
A,3,"[2016-09-20 08:20:00,2016-09-20 08:40:00)",115.92
A,3,"[2016-09-20 08:40:00,2016-09-20 09:00:00)",156.26
A,3,"[2016-09-20 09:00:00,2016-09-20 09:20:00)",127.25
A,3,"[2016-09-20 09:20:00,2016-09-20 09:40:00)",131.14
A,3,"[2016-09-20 09:40:00,2016-09-20 10:00:00)",118.32
A,3,"[2016-09-20 17:00:00,2016-09-20 17:20:00)",106.79
A,3,"[2016-09-20 17:20:00,2016-09-20 17:40:00)",128.15
A,3,"[2016-09-20 17:40:00,2016-09-20 18:00:00)",101.61
A,3,"[2016-09-20 18:00:00,2016-09-20 18:20:00)",112.62
A,3,"[2016-09-20 18:20:00,2016-09-20 18:40:00)",142.51
A,3,"[2016-09-20 18:40:00,2016-09-20 19:00:00)",96.71
A,3,"[2016-09-21 08:00:00,2016-09-21 08:20:00)",127.49
A,3,"[2016-09-21 08:20:00,2016-09-21 08:40:00)",107.83
A,3,"[2016-09-21 08:40:00,2016-09-21 09:00:00)",104.91
A,3,"[2016-09-21 09:00:00,2016-09-21 09:20:00)",272.65
A,3,"[2016-09-21 09:20:00,2016-09-21 09:40:00)",227
A,3,"[2016-09-21 09:40:00,2016-09-21 10:00:00)",101.48
A,3,"[2016-09-21 17:00:00,2016-09-21 17:20:00)",115.54
A,3,"[2016-09-21 17:20:00,2016-09-21 17:40:00)",93.73
A,3,"[2016-09-21 17:40:00,2016-09-21 18:00:00)",108.61
A,3,"[2016-09-21 18:00:00,2016-09-21 18:20:00)",108.34
A,3,"[2016-09-21 18:20:00,2016-09-21 18:40:00)",117.79
A,3,"[2016-09-21 18:40:00,2016-09-21 19:00:00)",119.67
A,3,"[2016-09-22 08:00:00,2016-09-22 08:20:00)",138.1
A,3,"[2016-09-22 08:20:00,2016-09-22 08:40:00)",108.66
A,3,"[2016-09-22 08:40:00,2016-09-22 09:00:00)",127.22
A,3,"[2016-09-22 09:00:00,2016-09-22 09:20:00)",125.58
A,3,"[2016-09-22 09:20:00,2016-09-22 09:40:00)",112.33
A,3,"[2016-09-22 09:40:00,2016-09-22 10:00:00)",102.81
A,3,"[2016-09-22 17:00:00,2016-09-22 17:20:00)",125.7
A,3,"[2016-09-22 17:20:00,2016-09-22 17:40:00)",101.77
A,3,"[2016-09-22 17:40:00,2016-09-22 18:00:00)",126.53
A,3,"[2016-09-22 18:00:00,2016-09-22 18:20:00)",145.8
A,3,"[2016-09-22 18:20:00,2016-09-22 18:40:00)",114.23
A,3,"[2016-09-22 18:40:00,2016-09-22 19:00:00)",90.44
A,3,"[2016-09-23 08:00:00,2016-09-23 08:20:00)",123.56
A,3,"[2016-09-23 08:20:00,2016-09-23 08:40:00)",138.71
A,3,"[2016-09-23 08:40:00,2016-09-23 09:00:00)",109.8
A,3,"[2016-09-23 09:00:00,2016-09-23 09:20:00)",148.51
A,3,"[2016-09-23 09:20:00,2016-09-23 09:40:00)",183.8
A,3,"[2016-09-23 09:40:00,2016-09-23 10:00:00)",105.21
A,3,"[2016-09-23 17:00:00,2016-09-23 17:20:00)",95.54
A,3,"[2016-09-23 17:20:00,2016-09-23 17:40:00)",122.02
A,3,"[2016-09-23 17:40:00,2016-09-23 18:00:00)",95.18
A,3,"[2016-09-23 18:00:00,2016-09-23 18:20:00)",113.32
A,3,"[2016-09-23 18:20:00,2016-09-23 18:40:00)",107.8
A,3,"[2016-09-23 18:40:00,2016-09-23 19:00:00)",137.49
A,3,"[2016-09-24 08:00:00,2016-09-24 08:20:00)",109.19
A,3,"[2016-09-24 08:20:00,2016-09-24 08:40:00)",140.02
A,3,"[2016-09-24 08:40:00,2016-09-24 09:00:00)",119.7
A,3,"[2016-09-24 09:00:00,2016-09-24 09:20:00)",111.19
A,3,"[2016-09-24 09:20:00,2016-09-24 09:40:00)",114.83
A,3,"[2016-09-24 09:40:00,2016-09-24 10:00:00)",186.89
A,3,"[2016-09-24 17:00:00,2016-09-24 17:20:00)",194.42
A,3,"[2016-09-24 17:20:00,2016-09-24 17:40:00)",128.59
A,3,"[2016-09-24 17:40:00,2016-09-24 18:00:00)",120.15
A,3,"[2016-09-24 18:00:00,2016-09-24 18:20:00)",129.76
A,3,"[2016-09-24 18:20:00,2016-09-24 18:40:00)",126.19
A,3,"[2016-09-24 18:40:00,2016-09-24 19:00:00)",126.81
A,3,"[2016-09-25 08:00:00,2016-09-25 08:20:00)",113.11
A,3,"[2016-09-25 08:20:00,2016-09-25 08:40:00)",150.57
A,3,"[2016-09-25 08:40:00,2016-09-25 09:00:00)",164.74
A,3,"[2016-09-25 09:00:00,2016-09-25 09:20:00)",204.25
A,3,"[2016-09-25 09:20:00,2016-09-25 09:40:00)",273.7
A,3,"[2016-09-25 09:40:00,2016-09-25 10:00:00)",227.49
A,3,"[2016-09-25 17:00:00,2016-09-25 17:20:00)",124.23
A,3,"[2016-09-25 17:20:00,2016-09-25 17:40:00)",154.71
A,3,"[2016-09-25 17:40:00,2016-09-25 18:00:00)",113.66
A,3,"[2016-09-25 18:00:00,2016-09-25 18:20:00)",140.25
A,3,"[2016-09-25 18:20:00,2016-09-25 18:40:00)",96.74
A,3,"[2016-09-25 18:40:00,2016-09-25 19:00:00)",130.55
A,3,"[2016-09-26 08:00:00,2016-09-26 08:20:00)",350.52
A,3,"[2016-09-26 08:20:00,2016-09-26 08:40:00)",470.3
A,3,"[2016-09-26 08:40:00,2016-09-26 09:00:00)",393.42
A,3,"[2016-09-26 09:00:00,2016-09-26 09:20:00)",295.16
A,3,"[2016-09-26 09:20:00,2016-09-26 09:40:00)",274.15
A,3,"[2016-09-26 09:40:00,2016-09-26 10:00:00)",123.99
A,3,"[2016-09-26 17:00:00,2016-09-26 17:20:00)",91.7
A,3,"[2016-09-26 17:20:00,2016-09-26 17:40:00)",98.46
A,3,"[2016-09-26 17:40:00,2016-09-26 18:00:00)",119.45
A,3,"[2016-09-26 18:00:00,2016-09-26 18:20:00)",99.21
A,3,"[2016-09-26 18:20:00,2016-09-26 18:40:00)",103.93
A,3,"[2016-09-26 18:40:00,2016-09-26 19:00:00)",125.1
A,3,"[2016-09-27 08:00:00,2016-09-27 08:20:00)",148.05
A,3,"[2016-09-27 08:20:00,2016-09-27 08:40:00)",195.2
A,3,"[2016-09-27 08:40:00,2016-09-27 09:00:00)",193.67
A,3,"[2016-09-27 09:00:00,2016-09-27 09:20:00)",158.68
A,3,"[2016-09-27 09:20:00,2016-09-27 09:40:00)",129.74
A,3,"[2016-09-27 09:40:00,2016-09-27 10:00:00)",135.57
A,3,"[2016-09-27 17:00:00,2016-09-27 17:20:00)",111.67
A,3,"[2016-09-27 17:20:00,2016-09-27 17:40:00)",102.73
A,3,"[2016-09-27 17:40:00,2016-09-27 18:00:00)",104.64
A,3,"[2016-09-27 18:00:00,2016-09-27 18:20:00)",115.85
A,3,"[2016-09-27 18:20:00,2016-09-27 18:40:00)",128.57
A,3,"[2016-09-27 18:40:00,2016-09-27 19:00:00)",116.37
A,3,"[2016-09-28 08:00:00,2016-09-28 08:20:00)",164.87
A,3,"[2016-09-28 08:20:00,2016-09-28 08:40:00)",171.21
A,3,"[2016-09-28 08:40:00,2016-09-28 09:00:00)",200.28
A,3,"[2016-09-28 09:00:00,2016-09-28 09:20:00)",209.94
A,3,"[2016-09-28 09:20:00,2016-09-28 09:40:00)",213.66
A,3,"[2016-09-28 09:40:00,2016-09-28 10:00:00)",159.05
A,3,"[2016-09-28 17:00:00,2016-09-28 17:20:00)",122.52
A,3,"[2016-09-28 17:20:00,2016-09-28 17:40:00)",112.68
A,3,"[2016-09-28 17:40:00,2016-09-28 18:00:00)",128.67
A,3,"[2016-09-28 18:00:00,2016-09-28 18:20:00)",133.99
A,3,"[2016-09-28 18:20:00,2016-09-28 18:40:00)",115.91
A,3,"[2016-09-28 18:40:00,2016-09-28 19:00:00)",112.29
A,3,"[2016-09-29 08:00:00,2016-09-29 08:20:00)",170.06
A,3,"[2016-09-29 08:20:00,2016-09-29 08:40:00)",355.04
A,3,"[2016-09-29 08:40:00,2016-09-29 09:00:00)",368.73
A,3,"[2016-09-29 09:00:00,2016-09-29 09:20:00)",229.9
A,3,"[2016-09-29 09:20:00,2016-09-29 09:40:00)",290.79
A,3,"[2016-09-29 09:40:00,2016-09-29 10:00:00)",183.61
A,3,"[2016-09-29 17:00:00,2016-09-29 17:20:00)",145.52
A,3,"[2016-09-29 17:20:00,2016-09-29 17:40:00)",122.83
A,3,"[2016-09-29 17:40:00,2016-09-29 18:00:00)",118.9
A,3,"[2016-09-29 18:40:00,2016-09-29 19:00:00)",214.43
A,3,"[2016-09-30 08:00:00,2016-09-30 08:20:00)",233.79
A,3,"[2016-09-30 08:20:00,2016-09-30 08:40:00)",199.18
A,3,"[2016-09-30 08:40:00,2016-09-30 09:00:00)",248.47
A,3,"[2016-09-30 09:00:00,2016-09-30 09:20:00)",157.7
A,3,"[2016-09-30 09:20:00,2016-09-30 09:40:00)",142.89
A,3,"[2016-09-30 09:40:00,2016-09-30 10:00:00)",115.32
A,3,"[2016-09-30 17:00:00,2016-09-30 17:20:00)",135.67
A,3,"[2016-09-30 17:20:00,2016-09-30 17:40:00)",136.96
A,3,"[2016-09-30 17:40:00,2016-09-30 18:00:00)",109.65
A,3,"[2016-09-30 18:00:00,2016-09-30 18:20:00)",115.75
A,3,"[2016-09-30 18:20:00,2016-09-30 18:40:00)",117.05
A,3,"[2016-09-30 18:40:00,2016-09-30 19:00:00)",133.5
A,3,"[2016-10-01 08:00:00,2016-10-01 08:20:00)",101.69
A,3,"[2016-10-01 08:20:00,2016-10-01 08:40:00)",90.41
A,3,"[2016-10-01 08:40:00,2016-10-01 09:00:00)",103.64
A,3,"[2016-10-01 09:00:00,2016-10-01 09:20:00)",100.5
A,3,"[2016-10-01 09:20:00,2016-10-01 09:40:00)",114.13
A,3,"[2016-10-01 09:40:00,2016-10-01 10:00:00)",192.86
A,3,"[2016-10-01 17:00:00,2016-10-01 17:20:00)",95.09
A,3,"[2016-10-01 17:20:00,2016-10-01 17:40:00)",106.59
A,3,"[2016-10-01 17:40:00,2016-10-01 18:00:00)",88.78
A,3,"[2016-10-01 18:00:00,2016-10-01 18:20:00)",98.23
A,3,"[2016-10-01 18:20:00,2016-10-01 18:40:00)",99.94
A,3,"[2016-10-01 18:40:00,2016-10-01 19:00:00)",101.86
A,3,"[2016-10-02 08:00:00,2016-10-02 08:20:00)",135.11
A,3,"[2016-10-02 08:20:00,2016-10-02 08:40:00)",121.79
A,3,"[2016-10-02 08:40:00,2016-10-02 09:00:00)",86.3
A,3,"[2016-10-02 09:00:00,2016-10-02 09:20:00)",105.59
A,3,"[2016-10-02 09:20:00,2016-10-02 09:40:00)",108.2
A,3,"[2016-10-02 09:40:00,2016-10-02 10:00:00)",165.89
A,3,"[2016-10-02 17:00:00,2016-10-02 17:20:00)",107.24
A,3,"[2016-10-02 17:20:00,2016-10-02 17:40:00)",94.88
A,3,"[2016-10-02 17:40:00,2016-10-02 18:00:00)",117.15
A,3,"[2016-10-02 18:00:00,2016-10-02 18:20:00)",128.03
A,3,"[2016-10-02 18:20:00,2016-10-02 18:40:00)",111.4
A,3,"[2016-10-02 18:40:00,2016-10-02 19:00:00)",86.07
A,3,"[2016-10-03 08:00:00,2016-10-03 08:20:00)",87.5
A,3,"[2016-10-03 08:20:00,2016-10-03 08:40:00)",99.22
A,3,"[2016-10-03 08:40:00,2016-10-03 09:00:00)",123.54
A,3,"[2016-10-03 09:00:00,2016-10-03 09:20:00)",148.26
A,3,"[2016-10-03 09:20:00,2016-10-03 09:40:00)",172.34
A,3,"[2016-10-03 09:40:00,2016-10-03 10:00:00)",188.31
A,3,"[2016-10-03 17:00:00,2016-10-03 17:20:00)",127.92
A,3,"[2016-10-03 17:20:00,2016-10-03 17:40:00)",92.88
A,3,"[2016-10-03 17:40:00,2016-10-03 18:00:00)",98.32
A,3,"[2016-10-03 18:00:00,2016-10-03 18:20:00)",109.58
A,3,"[2016-10-03 18:20:00,2016-10-03 18:40:00)",92.26
A,3,"[2016-10-03 18:40:00,2016-10-03 19:00:00)",107.76
A,3,"[2016-10-04 08:00:00,2016-10-04 08:20:00)",99.27
A,3,"[2016-10-04 08:20:00,2016-10-04 08:40:00)",98.56
A,3,"[2016-10-04 08:40:00,2016-10-04 09:00:00)",109.5
A,3,"[2016-10-04 09:00:00,2016-10-04 09:20:00)",95.76
A,3,"[2016-10-04 09:20:00,2016-10-04 09:40:00)",113.12
A,3,"[2016-10-04 09:40:00,2016-10-04 10:00:00)",114.83
A,3,"[2016-10-04 17:00:00,2016-10-04 17:20:00)",100.61
A,3,"[2016-10-04 17:20:00,2016-10-04 17:40:00)",116.14
A,3,"[2016-10-04 17:40:00,2016-10-04 18:00:00)",112.42
A,3,"[2016-10-04 18:00:00,2016-10-04 18:20:00)",164.2
A,3,"[2016-10-04 18:20:00,2016-10-04 18:40:00)",89.14
A,3,"[2016-10-04 18:40:00,2016-10-04 19:00:00)",111.9
A,3,"[2016-10-05 08:00:00,2016-10-05 08:20:00)",101.68
A,3,"[2016-10-05 08:20:00,2016-10-05 08:40:00)",101.37
A,3,"[2016-10-05 08:40:00,2016-10-05 09:00:00)",104.85
A,3,"[2016-10-05 09:00:00,2016-10-05 09:20:00)",106.25
A,3,"[2016-10-05 09:20:00,2016-10-05 09:40:00)",126.41
A,3,"[2016-10-05 09:40:00,2016-10-05 10:00:00)",129.86
A,3,"[2016-10-05 17:00:00,2016-10-05 17:20:00)",139.05
A,3,"[2016-10-05 17:20:00,2016-10-05 17:40:00)",111.26
A,3,"[2016-10-05 17:40:00,2016-10-05 18:00:00)",114.27
A,3,"[2016-10-05 18:00:00,2016-10-05 18:20:00)",114.55
A,3,"[2016-10-05 18:20:00,2016-10-05 18:40:00)",112.51
A,3,"[2016-10-05 18:40:00,2016-10-05 19:00:00)",118.47
A,3,"[2016-10-06 08:00:00,2016-10-06 08:20:00)",89.27
A,3,"[2016-10-06 08:20:00,2016-10-06 08:40:00)",80.44
A,3,"[2016-10-06 08:40:00,2016-10-06 09:00:00)",101.34
A,3,"[2016-10-06 09:00:00,2016-10-06 09:20:00)",95.25
A,3,"[2016-10-06 09:20:00,2016-10-06 09:40:00)",101.45
A,3,"[2016-10-06 09:40:00,2016-10-06 10:00:00)",106.17
A,3,"[2016-10-06 17:00:00,2016-10-06 17:20:00)",133.14
A,3,"[2016-10-06 17:20:00,2016-10-06 17:40:00)",127.79
A,3,"[2016-10-06 17:40:00,2016-10-06 18:00:00)",97.55
A,3,"[2016-10-06 18:00:00,2016-10-06 18:20:00)",127.92
A,3,"[2016-10-06 18:40:00,2016-10-06 19:00:00)",92
A,3,"[2016-10-07 08:00:00,2016-10-07 08:20:00)",111.4
A,3,"[2016-10-07 08:20:00,2016-10-07 08:40:00)",77.2
A,3,"[2016-10-07 08:40:00,2016-10-07 09:00:00)",85.02
A,3,"[2016-10-07 09:00:00,2016-10-07 09:20:00)",121.64
A,3,"[2016-10-07 09:20:00,2016-10-07 09:40:00)",91.22
A,3,"[2016-10-07 09:40:00,2016-10-07 10:00:00)",107.99
A,3,"[2016-10-07 17:00:00,2016-10-07 17:20:00)",115.13
A,3,"[2016-10-07 17:20:00,2016-10-07 17:40:00)",102.68
A,3,"[2016-10-07 17:40:00,2016-10-07 18:00:00)",109.86
A,3,"[2016-10-07 18:00:00,2016-10-07 18:20:00)",105.61
A,3,"[2016-10-07 18:20:00,2016-10-07 18:40:00)",111.22
A,3,"[2016-10-07 18:40:00,2016-10-07 19:00:00)",153.81
A,3,"[2016-10-08 08:00:00,2016-10-08 08:20:00)",130.46
A,3,"[2016-10-08 08:20:00,2016-10-08 08:40:00)",137.67
A,3,"[2016-10-08 08:40:00,2016-10-08 09:00:00)",115.59
A,3,"[2016-10-08 09:00:00,2016-10-08 09:20:00)",158.88
A,3,"[2016-10-08 09:20:00,2016-10-08 09:40:00)",117.27
A,3,"[2016-10-08 09:40:00,2016-10-08 10:00:00)",109.44
A,3,"[2016-10-08 17:00:00,2016-10-08 17:20:00)",113.91
A,3,"[2016-10-08 17:20:00,2016-10-08 17:40:00)",121.59
A,3,"[2016-10-08 17:40:00,2016-10-08 18:00:00)",104.78
A,3,"[2016-10-08 18:00:00,2016-10-08 18:20:00)",101.95
A,3,"[2016-10-08 18:20:00,2016-10-08 18:40:00)",100.76
A,3,"[2016-10-08 18:40:00,2016-10-08 19:00:00)",114.75
A,3,"[2016-10-09 08:00:00,2016-10-09 08:20:00)",151.23
A,3,"[2016-10-09 08:20:00,2016-10-09 08:40:00)",173.09
A,3,"[2016-10-09 08:40:00,2016-10-09 09:00:00)",182.05
A,3,"[2016-10-09 09:00:00,2016-10-09 09:20:00)",178.77
A,3,"[2016-10-09 09:20:00,2016-10-09 09:40:00)",117.69
A,3,"[2016-10-09 09:40:00,2016-10-09 10:00:00)",131.72
A,3,"[2016-10-09 17:00:00,2016-10-09 17:20:00)",100.34
A,3,"[2016-10-09 17:20:00,2016-10-09 17:40:00)",106.75
A,3,"[2016-10-09 17:40:00,2016-10-09 18:00:00)",103.45
A,3,"[2016-10-09 18:00:00,2016-10-09 18:20:00)",125.34
A,3,"[2016-10-09 18:20:00,2016-10-09 18:40:00)",138.83
A,3,"[2016-10-09 18:40:00,2016-10-09 19:00:00)",97.76
A,3,"[2016-10-10 08:00:00,2016-10-10 08:20:00)",146.38
A,3,"[2016-10-10 08:20:00,2016-10-10 08:40:00)",144.4
A,3,"[2016-10-10 08:40:00,2016-10-10 09:00:00)",144.99
A,3,"[2016-10-10 09:00:00,2016-10-10 09:20:00)",202.23
A,3,"[2016-10-10 09:20:00,2016-10-10 09:40:00)",167.24
A,3,"[2016-10-10 09:40:00,2016-10-10 10:00:00)",103.07
A,3,"[2016-10-10 17:00:00,2016-10-10 17:20:00)",119.23
A,3,"[2016-10-10 17:20:00,2016-10-10 17:40:00)",123.44
A,3,"[2016-10-10 17:40:00,2016-10-10 18:00:00)",118.2
A,3,"[2016-10-10 18:00:00,2016-10-10 18:20:00)",129.3
A,3,"[2016-10-10 18:20:00,2016-10-10 18:40:00)",138.81
A,3,"[2016-10-10 18:40:00,2016-10-10 19:00:00)",100.94
A,3,"[2016-10-11 08:00:00,2016-10-11 08:20:00)",146.16
A,3,"[2016-10-11 08:20:00,2016-10-11 08:40:00)",168.43
A,3,"[2016-10-11 08:40:00,2016-10-11 09:00:00)",180.4
A,3,"[2016-10-11 09:00:00,2016-10-11 09:20:00)",142.72
A,3,"[2016-10-11 09:20:00,2016-10-11 09:40:00)",121.82
A,3,"[2016-10-11 09:40:00,2016-10-11 10:00:00)",121.44
A,3,"[2016-10-11 17:00:00,2016-10-11 17:20:00)",102.2
A,3,"[2016-10-11 17:20:00,2016-10-11 17:40:00)",149.22
A,3,"[2016-10-11 17:40:00,2016-10-11 18:00:00)",146.57
A,3,"[2016-10-11 18:00:00,2016-10-11 18:20:00)",112.86
A,3,"[2016-10-11 18:20:00,2016-10-11 18:40:00)",280.83
A,3,"[2016-10-11 18:40:00,2016-10-11 19:00:00)",127.44
A,3,"[2016-10-12 08:00:00,2016-10-12 08:20:00)",171.63
A,3,"[2016-10-12 08:20:00,2016-10-12 08:40:00)",189.11
A,3,"[2016-10-12 08:40:00,2016-10-12 09:00:00)",207.5
A,3,"[2016-10-12 09:00:00,2016-10-12 09:20:00)",172.93
A,3,"[2016-10-12 09:20:00,2016-10-12 09:40:00)",138.97
A,3,"[2016-10-12 09:40:00,2016-10-12 10:00:00)",143.11
A,3,"[2016-10-12 17:00:00,2016-10-12 17:20:00)",104.26
A,3,"[2016-10-12 17:20:00,2016-10-12 17:40:00)",118.68
A,3,"[2016-10-12 17:40:00,2016-10-12 18:00:00)",114.99
A,3,"[2016-10-12 18:00:00,2016-10-12 18:20:00)",113.32
A,3,"[2016-10-12 18:20:00,2016-10-12 18:40:00)",112.96
A,3,"[2016-10-12 18:40:00,2016-10-12 19:00:00)",119.21
A,3,"[2016-10-13 08:00:00,2016-10-13 08:20:00)",176.52
A,3,"[2016-10-13 08:20:00,2016-10-13 08:40:00)",105.61
A,3,"[2016-10-13 08:40:00,2016-10-13 09:00:00)",159.42
A,3,"[2016-10-13 09:00:00,2016-10-13 09:20:00)",156.36
A,3,"[2016-10-13 09:20:00,2016-10-13 09:40:00)",230.05
A,3,"[2016-10-13 09:40:00,2016-10-13 10:00:00)",96.76
A,3,"[2016-10-13 17:00:00,2016-10-13 17:20:00)",106.23
A,3,"[2016-10-13 17:20:00,2016-10-13 17:40:00)",108.75
A,3,"[2016-10-13 17:40:00,2016-10-13 18:00:00)",120.05
A,3,"[2016-10-13 18:00:00,2016-10-13 18:20:00)",113.05
A,3,"[2016-10-13 18:20:00,2016-10-13 18:40:00)",116.78
A,3,"[2016-10-13 18:40:00,2016-10-13 19:00:00)",102.01
A,3,"[2016-10-14 08:00:00,2016-10-14 08:20:00)",134.78
A,3,"[2016-10-14 08:20:00,2016-10-14 08:40:00)",124.29
A,3,"[2016-10-14 08:40:00,2016-10-14 09:00:00)",131.71
A,3,"[2016-10-14 09:00:00,2016-10-14 09:20:00)",139.54
A,3,"[2016-10-14 09:20:00,2016-10-14 09:40:00)",120.72
A,3,"[2016-10-14 09:40:00,2016-10-14 10:00:00)",118.93
A,3,"[2016-10-14 17:00:00,2016-10-14 17:20:00)",107.08
A,3,"[2016-10-14 17:20:00,2016-10-14 17:40:00)",107.79
A,3,"[2016-10-14 17:40:00,2016-10-14 18:00:00)",113.54
A,3,"[2016-10-14 18:00:00,2016-10-14 18:20:00)",120.43
A,3,"[2016-10-14 18:20:00,2016-10-14 18:40:00)",98.43
A,3,"[2016-10-14 18:40:00,2016-10-14 19:00:00)",203.15
A,3,"[2016-10-15 08:00:00,2016-10-15 08:20:00)",345.94
A,3,"[2016-10-15 08:20:00,2016-10-15 08:40:00)",380.12
A,3,"[2016-10-15 08:40:00,2016-10-15 09:00:00)",407.56
A,3,"[2016-10-15 09:00:00,2016-10-15 09:20:00)",365.31
A,3,"[2016-10-15 09:20:00,2016-10-15 09:40:00)",380.62
A,3,"[2016-10-15 09:40:00,2016-10-15 10:00:00)",390.93
A,3,"[2016-10-15 17:00:00,2016-10-15 17:20:00)",142.31
A,3,"[2016-10-15 17:20:00,2016-10-15 17:40:00)",119.23
A,3,"[2016-10-15 17:40:00,2016-10-15 18:00:00)",131.52
A,3,"[2016-10-15 18:00:00,2016-10-15 18:20:00)",140.16
A,3,"[2016-10-15 18:20:00,2016-10-15 18:40:00)",107.73
A,3,"[2016-10-15 18:40:00,2016-10-15 19:00:00)",525
A,3,"[2016-10-16 08:00:00,2016-10-16 08:20:00)",114.11
A,3,"[2016-10-16 08:20:00,2016-10-16 08:40:00)",135.07
A,3,"[2016-10-16 08:40:00,2016-10-16 09:00:00)",150.17
A,3,"[2016-10-16 09:00:00,2016-10-16 09:20:00)",117.91
A,3,"[2016-10-16 09:20:00,2016-10-16 09:40:00)",129.87
A,3,"[2016-10-16 09:40:00,2016-10-16 10:00:00)",227.94
A,3,"[2016-10-16 17:00:00,2016-10-16 17:20:00)",133.14
A,3,"[2016-10-16 17:20:00,2016-10-16 17:40:00)",137.67
A,3,"[2016-10-16 17:40:00,2016-10-16 18:00:00)",93.54
A,3,"[2016-10-16 18:00:00,2016-10-16 18:20:00)",135.56
A,3,"[2016-10-16 18:20:00,2016-10-16 18:40:00)",128.98
A,3,"[2016-10-16 18:40:00,2016-10-16 19:00:00)",147.03
A,3,"[2016-10-17 08:00:00,2016-10-17 08:20:00)",306.58
A,3,"[2016-10-17 08:20:00,2016-10-17 08:40:00)",296.26
A,3,"[2016-10-17 08:40:00,2016-10-17 09:00:00)",288.82
A,3,"[2016-10-17 09:00:00,2016-10-17 09:20:00)",329.51
A,3,"[2016-10-17 09:20:00,2016-10-17 09:40:00)",181.31
A,3,"[2016-10-17 09:40:00,2016-10-17 10:00:00)",128.11
A,3,"[2016-10-17 17:00:00,2016-10-17 17:20:00)",125.57
A,3,"[2016-10-17 17:20:00,2016-10-17 17:40:00)",152.19
A,3,"[2016-10-17 17:40:00,2016-10-17 18:00:00)",125.55
A,3,"[2016-10-17 18:00:00,2016-10-17 18:20:00)",158.01
A,3,"[2016-10-17 18:20:00,2016-10-17 18:40:00)",115.05
A,3,"[2016-10-17 18:40:00,2016-10-17 19:00:00)",116.37
