C,3,"[2016-07-19 08:00:00,2016-07-19 08:20:00)",120.73
C,3,"[2016-07-19 08:20:00,2016-07-19 08:40:00)",143.37
C,3,"[2016-07-19 08:40:00,2016-07-19 09:00:00)",306.6
C,3,"[2016-07-19 09:00:00,2016-07-19 09:20:00)",214.23
C,3,"[2016-07-19 09:20:00,2016-07-19 09:40:00)",117.92
C,3,"[2016-07-19 09:40:00,2016-07-19 10:00:00)",139.7
C,3,"[2016-07-19 17:00:00,2016-07-19 17:20:00)",100.09
C,3,"[2016-07-19 17:20:00,2016-07-19 17:40:00)",172.78
C,3,"[2016-07-19 17:40:00,2016-07-19 18:00:00)",203.77
C,3,"[2016-07-19 18:00:00,2016-07-19 18:20:00)",134.43
C,3,"[2016-07-19 18:20:00,2016-07-19 18:40:00)",254.01
C,3,"[2016-07-19 18:40:00,2016-07-19 19:00:00)",176.96
C,3,"[2016-07-20 08:00:00,2016-07-20 08:20:00)",155.16
C,3,"[2016-07-20 08:20:00,2016-07-20 08:40:00)",273.14
C,3,"[2016-07-20 08:40:00,2016-07-20 09:00:00)",229.15
C,3,"[2016-07-20 09:00:00,2016-07-20 09:20:00)",238.65
C,3,"[2016-07-20 09:20:00,2016-07-20 09:40:00)",155.07
C,3,"[2016-07-20 09:40:00,2016-07-20 10:00:00)",102.43
C,3,"[2016-07-20 17:00:00,2016-07-20 17:20:00)",179.45
C,3,"[2016-07-20 17:20:00,2016-07-20 17:40:00)",148.84
C,3,"[2016-07-20 17:40:00,2016-07-20 18:00:00)",214.36
C,3,"[2016-07-20 18:00:00,2016-07-20 18:20:00)",200.78
C,3,"[2016-07-20 18:20:00,2016-07-20 18:40:00)",137.7
C,3,"[2016-07-20 18:40:00,2016-07-20 19:00:00)",147.84
C,3,"[2016-07-21 08:00:00,2016-07-21 08:20:00)",125.63
C,3,"[2016-07-21 08:20:00,2016-07-21 08:40:00)",166.15
C,3,"[2016-07-21 08:40:00,2016-07-21 09:00:00)",239.13
C,3,"[2016-07-21 09:00:00,2016-07-21 09:20:00)",486.23
C,3,"[2016-07-21 09:20:00,2016-07-21 09:40:00)",291.7
C,3,"[2016-07-21 09:40:00,2016-07-21 10:00:00)",183.28
C,3,"[2016-07-21 17:00:00,2016-07-21 17:20:00)",191.98
C,3,"[2016-07-21 17:20:00,2016-07-21 17:40:00)",269.22
C,3,"[2016-07-21 17:40:00,2016-07-21 18:00:00)",196.01
C,3,"[2016-07-21 18:00:00,2016-07-21 18:20:00)",235.19
C,3,"[2016-07-21 18:20:00,2016-07-21 18:40:00)",158.79
C,3,"[2016-07-21 18:40:00,2016-07-21 19:00:00)",190.61
C,3,"[2016-07-22 08:00:00,2016-07-22 08:20:00)",142.24
C,3,"[2016-07-22 08:20:00,2016-07-22 08:40:00)",276.67
C,3,"[2016-07-22 08:40:00,2016-07-22 09:00:00)",129.59
C,3,"[2016-07-22 09:00:00,2016-07-22 09:20:00)",229.39
C,3,"[2016-07-22 09:20:00,2016-07-22 09:40:00)",271.93
C,3,"[2016-07-22 09:40:00,2016-07-22 10:00:00)",266.31
C,3,"[2016-07-22 17:00:00,2016-07-22 17:20:00)",215.82
C,3,"[2016-07-22 17:20:00,2016-07-22 17:40:00)",200.19
C,3,"[2016-07-22 17:40:00,2016-07-22 18:00:00)",120.41
C,3,"[2016-07-22 18:00:00,2016-07-22 18:20:00)",161.5
C,3,"[2016-07-22 18:20:00,2016-07-22 18:40:00)",113.8
C,3,"[2016-07-22 18:40:00,2016-07-22 19:00:00)",198.82
C,3,"[2016-07-23 08:00:00,2016-07-23 08:20:00)",109.62
C,3,"[2016-07-23 08:20:00,2016-07-23 08:40:00)",171.84
C,3,"[2016-07-23 08:40:00,2016-07-23 09:00:00)",203.9
C,3,"[2016-07-23 09:00:00,2016-07-23 09:20:00)",213.74
C,3,"[2016-07-23 09:20:00,2016-07-23 09:40:00)",229.88
C,3,"[2016-07-23 09:40:00,2016-07-23 10:00:00)",284.26
C,3,"[2016-07-23 17:00:00,2016-07-23 17:20:00)",157.23
C,3,"[2016-07-23 17:20:00,2016-07-23 17:40:00)",128.76
C,3,"[2016-07-23 17:40:00,2016-07-23 18:00:00)",196.95
C,3,"[2016-07-23 18:00:00,2016-07-23 18:20:00)",182.54
C,3,"[2016-07-23 18:20:00,2016-07-23 18:40:00)",157.87
C,3,"[2016-07-23 18:40:00,2016-07-23 19:00:00)",198.46
C,3,"[2016-07-24 08:00:00,2016-07-24 08:20:00)",207.95
C,3,"[2016-07-24 08:20:00,2016-07-24 08:40:00)",188.29
C,3,"[2016-07-24 08:40:00,2016-07-24 09:00:00)",311.62
C,3,"[2016-07-24 09:00:00,2016-07-24 09:20:00)",200.73
C,3,"[2016-07-24 09:20:00,2016-07-24 09:40:00)",160.21
C,3,"[2016-07-24 09:40:00,2016-07-24 10:00:00)",265.28
C,3,"[2016-07-24 17:00:00,2016-07-24 17:20:00)",202.25
C,3,"[2016-07-24 17:20:00,2016-07-24 17:40:00)",284.58
C,3,"[2016-07-24 17:40:00,2016-07-24 18:00:00)",262.75
C,3,"[2016-07-24 18:00:00,2016-07-24 18:20:00)",211.5
C,3,"[2016-07-24 18:20:00,2016-07-24 18:40:00)",237.95
C,3,"[2016-07-24 18:40:00,2016-07-24 19:00:00)",217.04
C,3,"[2016-07-25 08:00:00,2016-07-25 08:20:00)",195.53
C,3,"[2016-07-25 08:20:00,2016-07-25 08:40:00)",222.37
C,3,"[2016-07-25 08:40:00,2016-07-25 09:00:00)",266.68
C,3,"[2016-07-25 09:00:00,2016-07-25 09:20:00)",309.01
C,3,"[2016-07-25 09:20:00,2016-07-25 09:40:00)",229.44
C,3,"[2016-07-25 09:40:00,2016-07-25 10:00:00)",120.55
C,3,"[2016-07-25 17:00:00,2016-07-25 17:20:00)",201.11
C,3,"[2016-07-25 17:20:00,2016-07-25 17:40:00)",235.8
C,3,"[2016-07-25 17:40:00,2016-07-25 18:00:00)",209.41
C,3,"[2016-07-25 18:00:00,2016-07-25 18:20:00)",206.16
C,3,"[2016-07-25 18:20:00,2016-07-25 18:40:00)",221.05
C,3,"[2016-07-25 18:40:00,2016-07-25 19:00:00)",122.13
C,3,"[2016-07-26 08:00:00,2016-07-26 08:20:00)",110.61
C,3,"[2016-07-26 08:20:00,2016-07-26 08:40:00)",174.83
C,3,"[2016-07-26 08:40:00,2016-07-26 09:00:00)",306.6
C,3,"[2016-07-26 09:00:00,2016-07-26 09:20:00)",214.23
C,3,"[2016-07-26 09:20:00,2016-07-26 09:40:00)",117.92
C,3,"[2016-07-26 09:40:00,2016-07-26 10:00:00)",229.48
C,3,"[2016-07-26 17:00:00,2016-07-26 17:20:00)",118.375
C,3,"[2016-07-26 17:20:00,2016-07-26 17:40:00)",212.855
C,3,"[2016-07-26 17:40:00,2016-07-26 18:00:00)",208.665
C,3,"[2016-07-26 18:00:00,2016-07-26 18:20:00)",166.76
C,3,"[2016-07-26 18:20:00,2016-07-26 18:40:00)",243.065
C,3,"[2016-07-26 18:40:00,2016-07-26 19:00:00)",166.4
C,3,"[2016-07-27 08:00:00,2016-07-27 08:20:00)",223.8
C,3,"[2016-07-27 08:20:00,2016-07-27 08:40:00)",228.165
C,3,"[2016-07-27 08:40:00,2016-07-27 09:00:00)",223.485
C,3,"[2016-07-27 09:00:00,2016-07-27 09:20:00)",238.65
C,3,"[2016-07-27 09:20:00,2016-07-27 09:40:00)",155.07
C,3,"[2016-07-27 09:40:00,2016-07-27 10:00:00)",266.66
C,3,"[2016-07-27 17:00:00,2016-07-27 17:20:00)",230.14
C,3,"[2016-07-27 17:20:00,2016-07-27 17:40:00)",196.05
C,3,"[2016-07-27 17:40:00,2016-07-27 18:00:00)",168.6
C,3,"[2016-07-27 18:00:00,2016-07-27 18:20:00)",215.96
C,3,"[2016-07-27 18:20:00,2016-07-27 18:40:00)",252.43
C,3,"[2016-07-27 18:40:00,2016-07-27 19:00:00)",183.87
C,3,"[2016-07-28 08:00:00,2016-07-28 08:20:00)",125.63
C,3,"[2016-07-28 08:20:00,2016-07-28 08:40:00)",349.79
C,3,"[2016-07-28 08:40:00,2016-07-28 09:00:00)",239.13
C,3,"[2016-07-28 09:00:00,2016-07-28 09:20:00)",486.23
C,3,"[2016-07-28 09:20:00,2016-07-28 09:40:00)",291.7
C,3,"[2016-07-28 09:40:00,2016-07-28 10:00:00)",183.28
C,3,"[2016-07-28 17:00:00,2016-07-28 17:20:00)",169.08
C,3,"[2016-07-28 17:20:00,2016-07-28 17:40:00)",269.22
C,3,"[2016-07-28 17:40:00,2016-07-28 18:00:00)",199.16
C,3,"[2016-07-28 18:00:00,2016-07-28 18:20:00)",209.96
C,3,"[2016-07-28 18:20:00,2016-07-28 18:40:00)",153.19
C,3,"[2016-07-28 18:40:00,2016-07-28 19:00:00)",133.97
C,3,"[2016-07-29 08:00:00,2016-07-29 08:20:00)",142.24
C,3,"[2016-07-29 08:20:00,2016-07-29 08:40:00)",276.67
C,3,"[2016-07-29 08:40:00,2016-07-29 09:00:00)",129.59
C,3,"[2016-07-29 09:00:00,2016-07-29 09:20:00)",229.39
C,3,"[2016-07-29 09:20:00,2016-07-29 09:40:00)",238.35
C,3,"[2016-07-29 09:40:00,2016-07-29 10:00:00)",259.02
C,3,"[2016-07-29 17:00:00,2016-07-29 17:20:00)",223.08
C,3,"[2016-07-29 17:20:00,2016-07-29 17:40:00)",200.19
C,3,"[2016-07-29 17:40:00,2016-07-29 18:00:00)",247.36
C,3,"[2016-07-29 18:00:00,2016-07-29 18:20:00)",138.2
C,3,"[2016-07-29 18:20:00,2016-07-29 18:40:00)",188.335
C,3,"[2016-07-29 18:40:00,2016-07-29 19:00:00)",198.82
C,3,"[2016-07-30 08:00:00,2016-07-30 08:20:00)",189.695
C,3,"[2016-07-30 08:20:00,2016-07-30 08:40:00)",164.52
C,3,"[2016-07-30 08:40:00,2016-07-30 09:00:00)",212.07
C,3,"[2016-07-30 09:00:00,2016-07-30 09:20:00)",260.25
C,3,"[2016-07-30 09:20:00,2016-07-30 09:40:00)",217.14
C,3,"[2016-07-30 09:40:00,2016-07-30 10:00:00)",284.26
C,3,"[2016-07-30 17:00:00,2016-07-30 17:20:00)",167.57
C,3,"[2016-07-30 17:20:00,2016-07-30 17:40:00)",171.165
C,3,"[2016-07-30 17:40:00,2016-07-30 18:00:00)",212.61
C,3,"[2016-07-30 18:00:00,2016-07-30 18:20:00)",188.19
C,3,"[2016-07-30 18:20:00,2016-07-30 18:40:00)",190.27
C,3,"[2016-07-30 18:40:00,2016-07-30 19:00:00)",198.46
C,3,"[2016-07-31 08:00:00,2016-07-31 08:20:00)",207.11
C,3,"[2016-07-31 08:20:00,2016-07-31 08:40:00)",188.29
C,3,"[2016-07-31 08:40:00,2016-07-31 09:00:00)",311.62
C,3,"[2016-07-31 09:00:00,2016-07-31 09:20:00)",168.9
C,3,"[2016-07-31 09:20:00,2016-07-31 09:40:00)",224.73
C,3,"[2016-07-31 09:40:00,2016-07-31 10:00:00)",214.835
C,3,"[2016-07-31 17:00:00,2016-07-31 17:20:00)",366.74
C,3,"[2016-07-31 17:20:00,2016-07-31 17:40:00)",284.58
C,3,"[2016-07-31 17:40:00,2016-07-31 18:00:00)",242.835
C,3,"[2016-07-31 18:00:00,2016-07-31 18:20:00)",211.5
C,3,"[2016-07-31 18:20:00,2016-07-31 18:40:00)",212.65
C,3,"[2016-07-31 18:40:00,2016-07-31 19:00:00)",217.04
C,3,"[2016-08-01 08:00:00,2016-08-01 08:20:00)",195.53
C,3,"[2016-08-01 08:20:00,2016-08-01 08:40:00)",222.37
C,3,"[2016-08-01 08:40:00,2016-08-01 09:00:00)",233.54
C,3,"[2016-08-01 09:00:00,2016-08-01 09:20:00)",309.01
C,3,"[2016-08-01 09:20:00,2016-08-01 09:40:00)",196.92
C,3,"[2016-08-01 09:40:00,2016-08-01 10:00:00)",120.55
C,3,"[2016-08-01 17:00:00,2016-08-01 17:20:00)",205.53
C,3,"[2016-08-01 17:20:00,2016-08-01 17:40:00)",235.8
C,3,"[2016-08-01 17:40:00,2016-08-01 18:00:00)",222.305
C,3,"[2016-08-01 18:00:00,2016-08-01 18:20:00)",176.765
C,3,"[2016-08-01 18:20:00,2016-08-01 18:40:00)",221.05
C,3,"[2016-08-01 18:40:00,2016-08-01 19:00:00)",122.13
C,3,"[2016-08-02 08:00:00,2016-08-02 08:20:00)",173.74
C,3,"[2016-08-02 08:20:00,2016-08-02 08:40:00)",195.54
C,3,"[2016-08-02 08:40:00,2016-08-02 09:00:00)",532.57
C,3,"[2016-08-02 09:00:00,2016-08-02 09:20:00)",214.23
C,3,"[2016-08-02 09:20:00,2016-08-02 09:40:00)",216.17
C,3,"[2016-08-02 09:40:00,2016-08-02 10:00:00)",216.455
C,3,"[2016-08-02 17:00:00,2016-08-02 17:20:00)",136.66
C,3,"[2016-08-02 17:20:00,2016-08-02 17:40:00)",212.855
C,3,"[2016-08-02 17:40:00,2016-08-02 18:00:00)",213.56
C,3,"[2016-08-02 18:00:00,2016-08-02 18:20:00)",264.6
C,3,"[2016-08-02 18:20:00,2016-08-02 18:40:00)",243.065
C,3,"[2016-08-02 18:40:00,2016-08-02 19:00:00)",144.93
C,3,"[2016-08-03 08:00:00,2016-08-03 08:20:00)",197.22
C,3,"[2016-08-03 08:20:00,2016-08-03 08:40:00)",228.165
C,3,"[2016-08-03 08:40:00,2016-08-03 09:00:00)",223.485
C,3,"[2016-08-03 09:00:00,2016-08-03 09:20:00)",238.65
C,3,"[2016-08-03 09:20:00,2016-08-03 09:40:00)",275.36
C,3,"[2016-08-03 09:40:00,2016-08-03 10:00:00)",192.28
C,3,"[2016-08-03 17:00:00,2016-08-03 17:20:00)",268.3
C,3,"[2016-08-03 17:20:00,2016-08-03 17:40:00)",243.26
C,3,"[2016-08-03 17:40:00,2016-08-03 18:00:00)",261.83
C,3,"[2016-08-03 18:00:00,2016-08-03 18:20:00)",231.14
C,3,"[2016-08-03 18:20:00,2016-08-03 18:40:00)",215.88
C,3,"[2016-08-03 18:40:00,2016-08-03 19:00:00)",219.9
C,3,"[2016-08-04 08:00:00,2016-08-04 08:20:00)",125.63
C,3,"[2016-08-04 08:20:00,2016-08-04 08:40:00)",233.41
C,3,"[2016-08-04 08:40:00,2016-08-04 09:00:00)",253.25
C,3,"[2016-08-04 09:00:00,2016-08-04 09:20:00)",329.79
C,3,"[2016-08-04 09:20:00,2016-08-04 09:40:00)",291.7
C,3,"[2016-08-04 09:40:00,2016-08-04 10:00:00)",154.83
C,3,"[2016-08-04 17:00:00,2016-08-04 17:20:00)",251.76
C,3,"[2016-08-04 17:20:00,2016-08-04 17:40:00)",269.22
C,3,"[2016-08-04 17:40:00,2016-08-04 18:00:00)",199.16
C,3,"[2016-08-04 18:00:00,2016-08-04 18:20:00)",209.96
C,3,"[2016-08-04 18:20:00,2016-08-04 18:40:00)",165.545
C,3,"[2016-08-04 18:40:00,2016-08-04 19:00:00)",174.43
C,3,"[2016-08-05 08:00:00,2016-08-05 08:20:00)",142.24
C,3,"[2016-08-05 08:20:00,2016-08-05 08:40:00)",276.67
C,3,"[2016-08-05 08:40:00,2016-08-05 09:00:00)",427.92
C,3,"[2016-08-05 09:00:00,2016-08-05 09:20:00)",201.355
C,3,"[2016-08-05 09:20:00,2016-08-05 09:40:00)",238.35
C,3,"[2016-08-05 09:40:00,2016-08-05 10:00:00)",212.08
C,3,"[2016-08-05 17:00:00,2016-08-05 17:20:00)",223.08
C,3,"[2016-08-05 17:20:00,2016-08-05 17:40:00)",154.515
C,3,"[2016-08-05 17:40:00,2016-08-05 18:00:00)",188.71
C,3,"[2016-08-05 18:00:00,2016-08-05 18:20:00)",300.21
C,3,"[2016-08-05 18:20:00,2016-08-05 18:40:00)",262.87
C,3,"[2016-08-05 18:40:00,2016-08-05 19:00:00)",198.82
C,3,"[2016-08-06 08:00:00,2016-08-06 08:20:00)",189.695
C,3,"[2016-08-06 08:20:00,2016-08-06 08:40:00)",190.615
C,3,"[2016-08-06 08:40:00,2016-08-06 09:00:00)",212.07
C,3,"[2016-08-06 09:00:00,2016-08-06 09:20:00)",233.675
C,3,"[2016-08-06 09:20:00,2016-08-06 09:40:00)",183.895
C,3,"[2016-08-06 09:40:00,2016-08-06 10:00:00)",232.94
C,3,"[2016-08-06 17:00:00,2016-08-06 17:20:00)",167.57
C,3,"[2016-08-06 17:20:00,2016-08-06 17:40:00)",213.57
C,3,"[2016-08-06 17:40:00,2016-08-06 18:00:00)",263.35
C,3,"[2016-08-06 18:00:00,2016-08-06 18:20:00)",188.19
C,3,"[2016-08-06 18:20:00,2016-08-06 18:40:00)",222.67
C,3,"[2016-08-06 18:40:00,2016-08-06 19:00:00)",157.28
C,3,"[2016-08-07 08:00:00,2016-08-07 08:20:00)",181.735
C,3,"[2016-08-07 08:20:00,2016-08-07 08:40:00)",106.57
C,3,"[2016-08-07 08:40:00,2016-08-07 09:00:00)",311.62
C,3,"[2016-08-07 09:00:00,2016-08-07 09:20:00)",140.06
C,3,"[2016-08-07 09:20:00,2016-08-07 09:40:00)",228.61
C,3,"[2016-08-07 09:40:00,2016-08-07 10:00:00)",164.39
C,3,"[2016-08-07 17:00:00,2016-08-07 17:20:00)",271.01
C,3,"[2016-08-07 17:20:00,2016-08-07 17:40:00)",271.82
C,3,"[2016-08-07 17:40:00,2016-08-07 18:00:00)",222.92
C,3,"[2016-08-07 18:00:00,2016-08-07 18:20:00)",211.5
C,3,"[2016-08-07 18:20:00,2016-08-07 18:40:00)",265.39
C,3,"[2016-08-07 18:40:00,2016-08-07 19:00:00)",217.04
C,3,"[2016-08-08 08:00:00,2016-08-08 08:20:00)",195.53
C,3,"[2016-08-08 08:20:00,2016-08-08 08:40:00)",278.12
C,3,"[2016-08-08 08:40:00,2016-08-08 09:00:00)",161.71
C,3,"[2016-08-08 09:00:00,2016-08-08 09:20:00)",244.655
C,3,"[2016-08-08 09:20:00,2016-08-08 09:40:00)",184.74
C,3,"[2016-08-08 09:40:00,2016-08-08 10:00:00)",120.55
C,3,"[2016-08-08 17:00:00,2016-08-08 17:20:00)",174.895
C,3,"[2016-08-08 17:20:00,2016-08-08 17:40:00)",191.27
C,3,"[2016-08-08 17:40:00,2016-08-08 18:00:00)",222.305
C,3,"[2016-08-08 18:00:00,2016-08-08 18:20:00)",176.765
C,3,"[2016-08-08 18:20:00,2016-08-08 18:40:00)",184.79
C,3,"[2016-08-08 18:40:00,2016-08-08 19:00:00)",122.13
C,3,"[2016-08-09 08:00:00,2016-08-09 08:20:00)",143.27
C,3,"[2016-08-09 08:20:00,2016-08-09 08:40:00)",242.59
C,3,"[2016-08-09 08:40:00,2016-08-09 09:00:00)",145.88
C,3,"[2016-08-09 09:00:00,2016-08-09 09:20:00)",184.68
C,3,"[2016-08-09 09:20:00,2016-08-09 09:40:00)",200.49
C,3,"[2016-08-09 09:40:00,2016-08-09 10:00:00)",203.43
C,3,"[2016-08-09 17:00:00,2016-08-09 17:20:00)",198.21
C,3,"[2016-08-09 17:20:00,2016-08-09 17:40:00)",252.93
C,3,"[2016-08-09 17:40:00,2016-08-09 18:00:00)",180.57
C,3,"[2016-08-09 18:00:00,2016-08-09 18:20:00)",120.87
C,3,"[2016-08-09 18:20:00,2016-08-09 18:40:00)",243.065
C,3,"[2016-08-09 18:40:00,2016-08-09 19:00:00)",144.93
C,3,"[2016-08-10 08:00:00,2016-08-10 08:20:00)",197.22
C,3,"[2016-08-10 08:20:00,2016-08-10 08:40:00)",228.165
C,3,"[2016-08-10 08:40:00,2016-08-10 09:00:00)",217.82
C,3,"[2016-08-10 09:00:00,2016-08-10 09:20:00)",290.295
C,3,"[2016-08-10 09:20:00,2016-08-10 09:40:00)",247.855
C,3,"[2016-08-10 09:40:00,2016-08-10 10:00:00)",214.48
C,3,"[2016-08-10 17:00:00,2016-08-10 17:20:00)",302.37
C,3,"[2016-08-10 17:20:00,2016-08-10 17:40:00)",200.65
C,3,"[2016-08-10 17:40:00,2016-08-10 18:00:00)",220.645
C,3,"[2016-08-10 18:00:00,2016-08-10 18:20:00)",242.615
C,3,"[2016-08-10 18:20:00,2016-08-10 18:40:00)",265.02
C,3,"[2016-08-10 18:40:00,2016-08-10 19:00:00)",183.9
C,3,"[2016-08-11 08:00:00,2016-08-11 08:20:00)",125.63
C,3,"[2016-08-11 08:20:00,2016-08-11 08:40:00)",233.41
C,3,"[2016-08-11 08:40:00,2016-08-11 09:00:00)",313.975
C,3,"[2016-08-11 09:00:00,2016-08-11 09:20:00)",384.06
C,3,"[2016-08-11 09:20:00,2016-08-11 09:40:00)",221.35
C,3,"[2016-08-11 09:40:00,2016-08-11 10:00:00)",126.38
C,3,"[2016-08-11 17:00:00,2016-08-11 17:20:00)",235.84
C,3,"[2016-08-11 17:20:00,2016-08-11 17:40:00)",269.22
C,3,"[2016-08-11 17:40:00,2016-08-11 18:00:00)",202.31
C,3,"[2016-08-11 18:00:00,2016-08-11 18:20:00)",184.73
C,3,"[2016-08-11 18:20:00,2016-08-11 18:40:00)",177.9
C,3,"[2016-08-11 18:40:00,2016-08-11 19:00:00)",169.86
C,3,"[2016-08-12 08:00:00,2016-08-12 08:20:00)",142.24
C,3,"[2016-08-12 08:20:00,2016-08-12 08:40:00)",285.065
C,3,"[2016-08-12 08:40:00,2016-08-12 09:00:00)",347.975
C,3,"[2016-08-12 09:00:00,2016-08-12 09:20:00)",173.32
C,3,"[2016-08-12 09:20:00,2016-08-12 09:40:00)",204.77
C,3,"[2016-08-12 09:40:00,2016-08-12 10:00:00)",212.08
C,3,"[2016-08-12 17:00:00,2016-08-12 17:20:00)",230.34
C,3,"[2016-08-12 17:20:00,2016-08-12 17:40:00)",108.84
C,3,"[2016-08-12 17:40:00,2016-08-12 18:00:00)",188.71
C,3,"[2016-08-12 18:00:00,2016-08-12 18:20:00)",226.39
C,3,"[2016-08-12 18:20:00,2016-08-12 18:40:00)",196.155
C,3,"[2016-08-12 18:40:00,2016-08-12 19:00:00)",218.04
C,3,"[2016-08-13 08:00:00,2016-08-13 08:20:00)",189.695
C,3,"[2016-08-13 08:20:00,2016-08-13 08:40:00)",216.71
C,3,"[2016-08-13 08:40:00,2016-08-13 09:00:00)",220.24
C,3,"[2016-08-13 09:00:00,2016-08-13 09:20:00)",233.675
C,3,"[2016-08-13 09:20:00,2016-08-13 09:40:00)",183.895
C,3,"[2016-08-13 09:40:00,2016-08-13 10:00:00)",232.94
C,3,"[2016-08-13 17:00:00,2016-08-13 17:20:00)",167.57
C,3,"[2016-08-13 17:20:00,2016-08-13 17:40:00)",233.485
C,3,"[2016-08-13 17:40:00,2016-08-13 18:00:00)",338.12
C,3,"[2016-08-13 18:00:00,2016-08-13 18:20:00)",188.19
C,3,"[2016-08-13 18:20:00,2016-08-13 18:40:00)",164.77
C,3,"[2016-08-13 18:40:00,2016-08-13 19:00:00)",205.05
C,3,"[2016-08-14 08:00:00,2016-08-14 08:20:00)",156.36
C,3,"[2016-08-14 08:20:00,2016-08-14 08:40:00)",242.25
C,3,"[2016-08-14 08:40:00,2016-08-14 09:00:00)",226.195
C,3,"[2016-08-14 09:00:00,2016-08-14 09:20:00)",198.15
C,3,"[2016-08-14 09:20:00,2016-08-14 09:40:00)",232.49
C,3,"[2016-08-14 09:40:00,2016-08-14 10:00:00)",156.685
C,3,"[2016-08-14 17:00:00,2016-08-14 17:20:00)",271.01
C,3,"[2016-08-14 17:20:00,2016-08-14 17:40:00)",204.74
C,3,"[2016-08-14 17:40:00,2016-08-14 18:00:00)",173.425
C,3,"[2016-08-14 18:00:00,2016-08-14 18:20:00)",211.5
C,3,"[2016-08-14 18:20:00,2016-08-14 18:40:00)",154.97
C,3,"[2016-08-14 18:40:00,2016-08-14 19:00:00)",217.04
C,3,"[2016-08-15 08:00:00,2016-08-15 08:20:00)",209.695
C,3,"[2016-08-15 08:20:00,2016-08-15 08:40:00)",192.46
C,3,"[2016-08-15 08:40:00,2016-08-15 09:00:00)",315.09
C,3,"[2016-08-15 09:00:00,2016-08-15 09:20:00)",244.655
C,3,"[2016-08-15 09:20:00,2016-08-15 09:40:00)",172.56
C,3,"[2016-08-15 09:40:00,2016-08-15 10:00:00)",120.55
C,3,"[2016-08-15 17:00:00,2016-08-15 17:20:00)",144.26
C,3,"[2016-08-15 17:20:00,2016-08-15 17:40:00)",191.27
C,3,"[2016-08-15 17:40:00,2016-08-15 18:00:00)",222.305
C,3,"[2016-08-15 18:00:00,2016-08-15 18:20:00)",147.37
C,3,"[2016-08-15 18:20:00,2016-08-15 18:40:00)",184.79
C,3,"[2016-08-15 18:40:00,2016-08-15 19:00:00)",122.13
C,3,"[2016-08-16 08:00:00,2016-08-16 08:20:00)",125.725
C,3,"[2016-08-16 08:20:00,2016-08-16 08:40:00)",223.64
C,3,"[2016-08-16 08:40:00,2016-08-16 09:00:00)",165.18
C,3,"[2016-08-16 09:00:00,2016-08-16 09:20:00)",184.68
C,3,"[2016-08-16 09:20:00,2016-08-16 09:40:00)",184.81
C,3,"[2016-08-16 09:40:00,2016-08-16 10:00:00)",137.55
C,3,"[2016-08-16 17:00:00,2016-08-16 17:20:00)",259.76
C,3,"[2016-08-16 17:20:00,2016-08-16 17:40:00)",173.78
C,3,"[2016-08-16 17:40:00,2016-08-16 18:00:00)",245.01
C,3,"[2016-08-16 18:00:00,2016-08-16 18:20:00)",107.01
C,3,"[2016-08-16 18:20:00,2016-08-16 18:40:00)",232.12
C,3,"[2016-08-16 18:40:00,2016-08-16 19:00:00)",123.46
C,3,"[2016-08-17 08:00:00,2016-08-17 08:20:00)",197.22
C,3,"[2016-08-17 08:20:00,2016-08-17 08:40:00)",228.165
C,3,"[2016-08-17 08:40:00,2016-08-17 09:00:00)",371.96
C,3,"[2016-08-17 09:00:00,2016-08-17 09:20:00)",341.94
C,3,"[2016-08-17 09:20:00,2016-08-17 09:40:00)",247.855
C,3,"[2016-08-17 09:40:00,2016-08-17 10:00:00)",168.68
C,3,"[2016-08-17 17:00:00,2016-08-17 17:20:00)",213.805
C,3,"[2016-08-17 17:20:00,2016-08-17 17:40:00)",200.65
C,3,"[2016-08-17 17:40:00,2016-08-17 18:00:00)",220.645
C,3,"[2016-08-17 18:00:00,2016-08-17 18:20:00)",242.615
C,3,"[2016-08-17 18:20:00,2016-08-17 18:40:00)",147.42
C,3,"[2016-08-17 18:40:00,2016-08-17 19:00:00)",149.45
C,3,"[2016-08-18 08:00:00,2016-08-18 08:20:00)",125.63
C,3,"[2016-08-18 08:20:00,2016-08-18 08:40:00)",233.41
C,3,"[2016-08-18 08:40:00,2016-08-18 09:00:00)",374.7
C,3,"[2016-08-18 09:00:00,2016-08-18 09:20:00)",282.29
C,3,"[2016-08-18 09:20:00,2016-08-18 09:40:00)",178.04
C,3,"[2016-08-18 09:40:00,2016-08-18 10:00:00)",154.09
C,3,"[2016-08-18 17:00:00,2016-08-18 17:20:00)",219.92
C,3,"[2016-08-18 17:20:00,2016-08-18 17:40:00)",206.69
C,3,"[2016-08-18 17:40:00,2016-08-18 18:00:00)",165.97
C,3,"[2016-08-18 18:00:00,2016-08-18 18:20:00)",209.8
C,3,"[2016-08-18 18:20:00,2016-08-18 18:40:00)",212.84
C,3,"[2016-08-18 18:40:00,2016-08-18 19:00:00)",170.755
C,3,"[2016-08-19 08:00:00,2016-08-19 08:20:00)",142.24
C,3,"[2016-08-19 08:20:00,2016-08-19 08:40:00)",293.46
C,3,"[2016-08-19 08:40:00,2016-08-19 09:00:00)",268.03
C,3,"[2016-08-19 09:00:00,2016-08-19 09:20:00)",252.38
C,3,"[2016-08-19 09:20:00,2016-08-19 09:40:00)",207.755
C,3,"[2016-08-19 09:40:00,2016-08-19 10:00:00)",165.14
C,3,"[2016-08-19 17:00:00,2016-08-19 17:20:00)",138.31
C,3,"[2016-08-19 17:20:00,2016-08-19 17:40:00)",190.56
C,3,"[2016-08-19 17:40:00,2016-08-19 18:00:00)",188.71
C,3,"[2016-08-19 18:00:00,2016-08-19 18:20:00)",152.57
C,3,"[2016-08-19 18:20:00,2016-08-19 18:40:00)",196.155
C,3,"[2016-08-19 18:40:00,2016-08-19 19:00:00)",189.62
C,3,"[2016-08-20 08:00:00,2016-08-20 08:20:00)",269.77
C,3,"[2016-08-20 08:20:00,2016-08-20 08:40:00)",193.53
C,3,"[2016-08-20 08:40:00,2016-08-20 09:00:00)",216.08
C,3,"[2016-08-20 09:00:00,2016-08-20 09:20:00)",207.1
C,3,"[2016-08-20 09:20:00,2016-08-20 09:40:00)",150.65
C,3,"[2016-08-20 09:40:00,2016-08-20 10:00:00)",181.62
C,3,"[2016-08-20 17:00:00,2016-08-20 17:20:00)",167.57
C,3,"[2016-08-20 17:20:00,2016-08-20 17:40:00)",233.485
C,3,"[2016-08-20 17:40:00,2016-08-20 18:00:00)",131.49
C,3,"[2016-08-20 18:00:00,2016-08-20 18:20:00)",193.84
C,3,"[2016-08-20 18:20:00,2016-08-20 18:40:00)",106.87
C,3,"[2016-08-20 18:40:00,2016-08-20 19:00:00)",252.82
C,3,"[2016-08-21 08:00:00,2016-08-21 08:20:00)",153.37
C,3,"[2016-08-21 08:20:00,2016-08-21 08:40:00)",180.005
C,3,"[2016-08-21 08:40:00,2016-08-21 09:00:00)",140.77
C,3,"[2016-08-21 09:00:00,2016-08-21 09:20:00)",182.075
C,3,"[2016-08-21 09:20:00,2016-08-21 09:40:00)",117.49
C,3,"[2016-08-21 09:40:00,2016-08-21 10:00:00)",148.98
C,3,"[2016-08-21 17:00:00,2016-08-21 17:20:00)",175.28
C,3,"[2016-08-21 17:20:00,2016-08-21 17:40:00)",137.66
C,3,"[2016-08-21 17:40:00,2016-08-21 18:00:00)",123.93
C,3,"[2016-08-21 18:00:00,2016-08-21 18:20:00)",195.42
C,3,"[2016-08-21 18:20:00,2016-08-21 18:40:00)",164.86
C,3,"[2016-08-21 18:40:00,2016-08-21 19:00:00)",217.04
C,3,"[2016-08-22 08:00:00,2016-08-22 08:20:00)",223.86
C,3,"[2016-08-22 08:20:00,2016-08-22 08:40:00)",192.46
C,3,"[2016-08-22 08:40:00,2016-08-22 09:00:00)",256.585
C,3,"[2016-08-22 09:00:00,2016-08-22 09:20:00)",244.655
C,3,"[2016-08-22 09:20:00,2016-08-22 09:40:00)",197.715
C,3,"[2016-08-22 09:40:00,2016-08-22 10:00:00)",120.55
C,3,"[2016-08-22 17:00:00,2016-08-22 17:20:00)",150.985
C,3,"[2016-08-22 17:20:00,2016-08-22 17:40:00)",191.27
C,3,"[2016-08-22 17:40:00,2016-08-22 18:00:00)",222.305
C,3,"[2016-08-22 18:00:00,2016-08-22 18:20:00)",192.34
C,3,"[2016-08-22 18:20:00,2016-08-22 18:40:00)",184.79
C,3,"[2016-08-22 18:40:00,2016-08-22 19:00:00)",122.13
C,3,"[2016-08-23 08:00:00,2016-08-23 08:20:00)",125.725
C,3,"[2016-08-23 08:20:00,2016-08-23 08:40:00)",204.69
C,3,"[2016-08-23 08:40:00,2016-08-23 09:00:00)",165.18
C,3,"[2016-08-23 09:00:00,2016-08-23 09:20:00)",184.68
C,3,"[2016-08-23 09:20:00,2016-08-23 09:40:00)",159.78
C,3,"[2016-08-23 09:40:00,2016-08-23 10:00:00)",114.235
C,3,"[2016-08-23 17:00:00,2016-08-23 17:20:00)",177.235
C,3,"[2016-08-23 17:20:00,2016-08-23 17:40:00)",158.58
C,3,"[2016-08-23 17:40:00,2016-08-23 18:00:00)",206.8
C,3,"[2016-08-23 18:00:00,2016-08-23 18:20:00)",129.54
C,3,"[2016-08-23 18:20:00,2016-08-23 18:40:00)",277.455
C,3,"[2016-08-23 18:40:00,2016-08-23 19:00:00)",127.0
C,3,"[2016-08-24 08:00:00,2016-08-24 08:20:00)",170.64
C,3,"[2016-08-24 08:20:00,2016-08-24 08:40:00)",183.19
C,3,"[2016-08-24 08:40:00,2016-08-24 09:00:00)",257.635
C,3,"[2016-08-24 09:00:00,2016-08-24 09:20:00)",233.64
C,3,"[2016-08-24 09:20:00,2016-08-24 09:40:00)",220.35
C,3,"[2016-08-24 09:40:00,2016-08-24 10:00:00)",178.83
C,3,"[2016-08-24 17:00:00,2016-08-24 17:20:00)",213.805
C,3,"[2016-08-24 17:20:00,2016-08-24 17:40:00)",158.04
C,3,"[2016-08-24 17:40:00,2016-08-24 18:00:00)",220.645
C,3,"[2016-08-24 18:00:00,2016-08-24 18:20:00)",242.615
C,3,"[2016-08-24 18:20:00,2016-08-24 18:40:00)",186.995
C,3,"[2016-08-24 18:40:00,2016-08-24 19:00:00)",149.45
C,3,"[2016-08-25 08:00:00,2016-08-25 08:20:00)",125.63
C,3,"[2016-08-25 08:20:00,2016-08-25 08:40:00)",117.03
C,3,"[2016-08-25 08:40:00,2016-08-25 09:00:00)",120.65
C,3,"[2016-08-25 09:00:00,2016-08-25 09:20:00)",246.38
C,3,"[2016-08-25 09:20:00,2016-08-25 09:40:00)",196.8
C,3,"[2016-08-25 09:40:00,2016-08-25 10:00:00)",217.22
C,3,"[2016-08-25 17:00:00,2016-08-25 17:20:00)",197.64
C,3,"[2016-08-25 17:20:00,2016-08-25 17:40:00)",206.69
C,3,"[2016-08-25 17:40:00,2016-08-25 18:00:00)",178.405
C,3,"[2016-08-25 18:00:00,2016-08-25 18:20:00)",209.8
C,3,"[2016-08-25 18:20:00,2016-08-25 18:40:00)",184.58
C,3,"[2016-08-25 18:40:00,2016-08-25 19:00:00)",171.65
C,3,"[2016-08-26 08:00:00,2016-08-26 08:20:00)",142.24
C,3,"[2016-08-26 08:20:00,2016-08-26 08:40:00)",214.68
C,3,"[2016-08-26 08:40:00,2016-08-26 09:00:00)",195.22
C,3,"[2016-08-26 09:00:00,2016-08-26 09:20:00)",182.48
C,3,"[2016-08-26 09:20:00,2016-08-26 09:40:00)",207.755
C,3,"[2016-08-26 09:40:00,2016-08-26 10:00:00)",163.6
C,3,"[2016-08-26 17:00:00,2016-08-26 17:20:00)",137.8
C,3,"[2016-08-26 17:20:00,2016-08-26 17:40:00)",217.595
C,3,"[2016-08-26 17:40:00,2016-08-26 18:00:00)",188.71
C,3,"[2016-08-26 18:00:00,2016-08-26 18:20:00)",227.34
C,3,"[2016-08-26 18:20:00,2016-08-26 18:40:00)",196.155
C,3,"[2016-08-26 18:40:00,2016-08-26 19:00:00)",187.065
C,3,"[2016-08-27 08:00:00,2016-08-27 08:20:00)",126.26
C,3,"[2016-08-27 08:20:00,2016-08-27 08:40:00)",191.315
C,3,"[2016-08-27 08:40:00,2016-08-27 09:00:00)",186.385
C,3,"[2016-08-27 09:00:00,2016-08-27 09:20:00)",100.34
C,3,"[2016-08-27 09:20:00,2016-08-27 09:40:00)",140.0
C,3,"[2016-08-27 09:40:00,2016-08-27 10:00:00)",205.92
C,3,"[2016-08-27 17:00:00,2016-08-27 17:20:00)",167.57
C,3,"[2016-08-27 17:20:00,2016-08-27 17:40:00)",233.485
C,3,"[2016-08-27 17:40:00,2016-08-27 18:00:00)",123.11
C,3,"[2016-08-27 18:00:00,2016-08-27 18:20:00)",208.53
C,3,"[2016-08-27 18:20:00,2016-08-27 18:40:00)",134.98
C,3,"[2016-08-27 18:40:00,2016-08-27 19:00:00)",234.005
C,3,"[2016-08-28 08:00:00,2016-08-28 08:20:00)",153.37
C,3,"[2016-08-28 08:20:00,2016-08-28 08:40:00)",117.76
C,3,"[2016-08-28 08:40:00,2016-08-28 09:00:00)",129.26
C,3,"[2016-08-28 09:00:00,2016-08-28 09:20:00)",182.075
C,3,"[2016-08-28 09:20:00,2016-08-28 09:40:00)",136.65
C,3,"[2016-08-28 09:40:00,2016-08-28 10:00:00)",152.955
C,3,"[2016-08-28 17:00:00,2016-08-28 17:20:00)",161.15
C,3,"[2016-08-28 17:20:00,2016-08-28 17:40:00)",116.68
C,3,"[2016-08-28 17:40:00,2016-08-28 18:00:00)",176.52
C,3,"[2016-08-28 18:00:00,2016-08-28 18:20:00)",195.42
C,3,"[2016-08-28 18:20:00,2016-08-28 18:40:00)",181.85
C,3,"[2016-08-28 18:40:00,2016-08-28 19:00:00)",217.04
C,3,"[2016-08-29 08:00:00,2016-08-29 08:20:00)",178.12
C,3,"[2016-08-29 08:20:00,2016-08-29 08:40:00)",106.8
C,3,"[2016-08-29 08:40:00,2016-08-29 09:00:00)",256.585
C,3,"[2016-08-29 09:00:00,2016-08-29 09:20:00)",180.3
C,3,"[2016-08-29 09:20:00,2016-08-29 09:40:00)",197.715
C,3,"[2016-08-29 09:40:00,2016-08-29 10:00:00)",120.55
C,3,"[2016-08-29 17:00:00,2016-08-29 17:20:00)",157.71
C,3,"[2016-08-29 17:20:00,2016-08-29 17:40:00)",191.27
C,3,"[2016-08-29 17:40:00,2016-08-29 18:00:00)",222.305
C,3,"[2016-08-29 18:00:00,2016-08-29 18:20:00)",180.835
C,3,"[2016-08-29 18:20:00,2016-08-29 18:40:00)",184.79
C,3,"[2016-08-29 18:40:00,2016-08-29 19:00:00)",122.13
C,3,"[2016-08-31 08:00:00,2016-08-31 08:20:00)",141.465
C,3,"[2016-08-31 08:20:00,2016-08-31 08:40:00)",174.6
C,3,"[2016-08-31 08:40:00,2016-08-31 09:00:00)",257.635
C,3,"[2016-08-31 09:00:00,2016-08-31 09:20:00)",233.64
C,3,"[2016-08-31 09:20:00,2016-08-31 09:40:00)",181.48
C,3,"[2016-08-31 09:40:00,2016-08-31 10:00:00)",178.83
C,3,"[2016-08-31 17:00:00,2016-08-31 17:20:00)",213.805
C,3,"[2016-08-31 17:20:00,2016-08-31 17:40:00)",176.005
C,3,"[2016-08-31 17:40:00,2016-08-31 18:00:00)",220.645
C,3,"[2016-08-31 18:00:00,2016-08-31 18:20:00)",242.615
C,3,"[2016-08-31 18:20:00,2016-08-31 18:40:00)",186.995
C,3,"[2016-08-31 18:40:00,2016-08-31 19:00:00)",149.45
C,3,"[2016-09-01 08:00:00,2016-09-01 08:20:00)",132.36
C,3,"[2016-09-01 08:20:00,2016-09-01 08:40:00)",153.18
C,3,"[2016-09-01 08:40:00,2016-09-01 09:00:00)",135.08
C,3,"[2016-09-01 09:00:00,2016-09-01 09:20:00)",246.38
C,3,"[2016-09-01 09:20:00,2016-09-01 09:40:00)",150.39
C,3,"[2016-09-01 09:40:00,2016-09-01 10:00:00)",189.725
C,3,"[2016-09-01 17:00:00,2016-09-01 17:20:00)",202.8
C,3,"[2016-09-01 17:20:00,2016-09-01 17:40:00)",206.69
C,3,"[2016-09-01 17:40:00,2016-09-01 18:00:00)",178.405
C,3,"[2016-09-01 18:00:00,2016-09-01 18:20:00)",209.8
C,3,"[2016-09-01 18:20:00,2016-09-01 18:40:00)",184.58
C,3,"[2016-09-01 18:40:00,2016-09-01 19:00:00)",148.545
C,3,"[2016-09-02 08:00:00,2016-09-02 08:20:00)",142.24
C,3,"[2016-09-02 08:20:00,2016-09-02 08:40:00)",214.68
C,3,"[2016-09-02 08:40:00,2016-09-02 09:00:00)",195.22
C,3,"[2016-09-02 09:00:00,2016-09-02 09:20:00)",182.48
C,3,"[2016-09-02 09:20:00,2016-09-02 09:40:00)",207.755
C,3,"[2016-09-02 09:40:00,2016-09-02 10:00:00)",163.6
C,3,"[2016-09-02 17:00:00,2016-09-02 17:20:00)",137.8
C,3,"[2016-09-02 17:20:00,2016-09-02 17:40:00)",217.595
C,3,"[2016-09-02 17:40:00,2016-09-02 18:00:00)",188.71
C,3,"[2016-09-02 18:00:00,2016-09-02 18:20:00)",195.305
C,3,"[2016-09-02 18:20:00,2016-09-02 18:40:00)",196.155
C,3,"[2016-09-02 18:40:00,2016-09-02 19:00:00)",187.065
C,3,"[2016-09-03 08:00:00,2016-09-03 08:20:00)",121.325
C,3,"[2016-09-03 08:20:00,2016-09-03 08:40:00)",191.315
C,3,"[2016-09-03 08:40:00,2016-09-03 09:00:00)",186.385
C,3,"[2016-09-03 09:00:00,2016-09-03 09:20:00)",125.52
C,3,"[2016-09-03 09:20:00,2016-09-03 09:40:00)",129.35
C,3,"[2016-09-03 09:40:00,2016-09-03 10:00:00)",205.92
C,3,"[2016-09-03 17:00:00,2016-09-03 17:20:00)",167.57
C,3,"[2016-09-03 17:20:00,2016-09-03 17:40:00)",233.485
C,3,"[2016-09-03 17:40:00,2016-09-03 18:00:00)",141.75
C,3,"[2016-09-03 18:00:00,2016-09-03 18:20:00)",208.53
C,3,"[2016-09-03 18:20:00,2016-09-03 18:40:00)",134.98
C,3,"[2016-09-03 18:40:00,2016-09-03 19:00:00)",234.005
C,3,"[2016-09-04 08:00:00,2016-09-04 08:20:00)",153.37
C,3,"[2016-09-04 08:20:00,2016-09-04 08:40:00)",135.94
C,3,"[2016-09-04 08:40:00,2016-09-04 09:00:00)",118.58
C,3,"[2016-09-04 09:00:00,2016-09-04 09:20:00)",182.075
C,3,"[2016-09-04 09:20:00,2016-09-04 09:40:00)",136.65
C,3,"[2016-09-04 09:40:00,2016-09-04 10:00:00)",156.93
C,3,"[2016-09-04 17:00:00,2016-09-04 17:20:00)",147.02
C,3,"[2016-09-04 17:20:00,2016-09-04 17:40:00)",124.935
C,3,"[2016-09-04 17:40:00,2016-09-04 18:00:00)",198.895
C,3,"[2016-09-04 18:00:00,2016-09-04 18:20:00)",195.42
C,3,"[2016-09-04 18:20:00,2016-09-04 18:40:00)",198.84
C,3,"[2016-09-04 18:40:00,2016-09-04 19:00:00)",217.04
C,3,"[2016-09-06 08:00:00,2016-09-06 08:20:00)",125.725
C,3,"[2016-09-06 08:20:00,2016-09-06 08:40:00)",165.755
C,3,"[2016-09-06 08:40:00,2016-09-06 09:00:00)",165.18
C,3,"[2016-09-06 09:00:00,2016-09-06 09:20:00)",184.68
C,3,"[2016-09-06 09:20:00,2016-09-06 09:40:00)",159.78
C,3,"[2016-09-06 09:40:00,2016-09-06 10:00:00)",114.235
C,3,"[2016-09-06 17:00:00,2016-09-06 17:20:00)",177.235
C,3,"[2016-09-06 17:20:00,2016-09-06 17:40:00)",158.58
C,3,"[2016-09-06 17:40:00,2016-09-06 18:00:00)",206.8
C,3,"[2016-09-06 18:00:00,2016-09-06 18:20:00)",151.795
C,3,"[2016-09-06 18:20:00,2016-09-06 18:40:00)",277.455
C,3,"[2016-09-06 18:40:00,2016-09-06 19:00:00)",130.54
C,3,"[2016-09-07 08:00:00,2016-09-07 08:20:00)",141.465
C,3,"[2016-09-07 08:20:00,2016-09-07 08:40:00)",137.16
C,3,"[2016-09-07 08:40:00,2016-09-07 09:00:00)",257.635
C,3,"[2016-09-07 09:00:00,2016-09-07 09:20:00)",233.64
C,3,"[2016-09-07 09:20:00,2016-09-07 09:40:00)",181.48
C,3,"[2016-09-07 09:40:00,2016-09-07 10:00:00)",188.98
C,3,"[2016-09-07 17:00:00,2016-09-07 17:20:00)",125.24
C,3,"[2016-09-07 17:20:00,2016-09-07 17:40:00)",176.005
C,3,"[2016-09-07 17:40:00,2016-09-07 18:00:00)",179.46
C,3,"[2016-09-07 18:00:00,2016-09-07 18:20:00)",242.615
C,3,"[2016-09-07 18:20:00,2016-09-07 18:40:00)",186.995
C,3,"[2016-09-07 18:40:00,2016-09-07 19:00:00)",115
C,3,"[2016-09-08 08:00:00,2016-09-08 08:20:00)",132.36
C,3,"[2016-09-08 08:20:00,2016-09-08 08:40:00)",151.88
C,3,"[2016-09-08 08:40:00,2016-09-08 09:00:00)",149.51
C,3,"[2016-09-08 09:00:00,2016-09-08 09:20:00)",210.47
C,3,"[2016-09-08 09:20:00,2016-09-08 09:40:00)",103.98
C,3,"[2016-09-08 09:40:00,2016-09-08 10:00:00)",162.23
C,3,"[2016-09-08 17:00:00,2016-09-08 17:20:00)",207.96
C,3,"[2016-09-08 17:20:00,2016-09-08 17:40:00)",144.16
C,3,"[2016-09-08 17:40:00,2016-09-08 18:00:00)",178.405
C,3,"[2016-09-08 18:00:00,2016-09-08 18:20:00)",234.87
C,3,"[2016-09-08 18:20:00,2016-09-08 18:40:00)",156.32
C,3,"[2016-09-08 18:40:00,2016-09-08 19:00:00)",148.545
C,3,"[2016-09-09 08:00:00,2016-09-09 08:20:00)",156.875
C,3,"[2016-09-09 08:20:00,2016-09-09 08:40:00)",214.68
C,3,"[2016-09-09 08:40:00,2016-09-09 09:00:00)",195.22
C,3,"[2016-09-09 09:00:00,2016-09-09 09:20:00)",112.58
C,3,"[2016-09-09 09:20:00,2016-09-09 09:40:00)",210.74
C,3,"[2016-09-09 09:40:00,2016-09-09 10:00:00)",163.6
C,3,"[2016-09-09 17:00:00,2016-09-09 17:20:00)",137.29
C,3,"[2016-09-09 17:20:00,2016-09-09 17:40:00)",217.595
C,3,"[2016-09-09 17:40:00,2016-09-09 18:00:00)",188.71
C,3,"[2016-09-09 18:00:00,2016-09-09 18:20:00)",163.27
C,3,"[2016-09-09 18:20:00,2016-09-09 18:40:00)",129.44
C,3,"[2016-09-09 18:40:00,2016-09-09 19:00:00)",184.51
C,3,"[2016-09-10 08:00:00,2016-09-10 08:20:00)",121.325
C,3,"[2016-09-10 08:20:00,2016-09-10 08:40:00)",189.1
C,3,"[2016-09-10 08:40:00,2016-09-10 09:00:00)",186.385
C,3,"[2016-09-10 09:00:00,2016-09-10 09:20:00)",167.15
C,3,"[2016-09-10 09:20:00,2016-09-10 09:40:00)",146.195
C,3,"[2016-09-10 09:40:00,2016-09-10 10:00:00)",205.92
C,3,"[2016-09-10 17:00:00,2016-09-10 17:20:00)",177.91
C,3,"[2016-09-10 17:20:00,2016-09-10 17:40:00)",253.4
C,3,"[2016-09-10 17:40:00,2016-09-10 18:00:00)",160.39
C,3,"[2016-09-10 18:00:00,2016-09-10 18:20:00)",208.53
C,3,"[2016-09-10 18:20:00,2016-09-10 18:40:00)",163.09
C,3,"[2016-09-10 18:40:00,2016-09-10 19:00:00)",215.19
C,3,"[2016-09-11 08:00:00,2016-09-11 08:20:00)",150.38
C,3,"[2016-09-11 08:20:00,2016-09-11 08:40:00)",135.94
C,3,"[2016-09-11 08:40:00,2016-09-11 09:00:00)",118.58
C,3,"[2016-09-11 09:00:00,2016-09-11 09:20:00)",166
C,3,"[2016-09-11 09:20:00,2016-09-11 09:40:00)",136.65
C,3,"[2016-09-11 09:40:00,2016-09-11 10:00:00)",246.67
C,3,"[2016-09-11 17:00:00,2016-09-11 17:20:00)",196.35
C,3,"[2016-09-11 17:20:00,2016-09-11 17:40:00)",124.935
C,3,"[2016-09-11 17:40:00,2016-09-11 18:00:00)",198.895
C,3,"[2016-09-11 18:00:00,2016-09-11 18:20:00)",195.42
C,3,"[2016-09-11 18:20:00,2016-09-11 18:40:00)",314.24
C,3,"[2016-09-11 18:40:00,2016-09-11 19:00:00)",217.04
C,3,"[2016-09-12 08:00:00,2016-09-12 08:20:00)",178.12
C,3,"[2016-09-12 08:20:00,2016-09-12 08:40:00)",137.855
C,3,"[2016-09-12 08:40:00,2016-09-12 09:00:00)",256.585
C,3,"[2016-09-12 09:00:00,2016-09-12 09:20:00)",174.18
C,3,"[2016-09-12 09:20:00,2016-09-12 09:40:00)",222.87
C,3,"[2016-09-12 09:40:00,2016-09-12 10:00:00)",166.61
C,3,"[2016-09-12 17:00:00,2016-09-12 17:20:00)",97.37
C,3,"[2016-09-12 17:20:00,2016-09-12 17:40:00)",146.74
C,3,"[2016-09-12 17:40:00,2016-09-12 18:00:00)",235.2
C,3,"[2016-09-12 18:00:00,2016-09-12 18:20:00)",169.33
C,3,"[2016-09-12 18:20:00,2016-09-12 18:40:00)",148.53
C,3,"[2016-09-12 18:40:00,2016-09-12 19:00:00)",122.13
C,3,"[2016-09-13 08:00:00,2016-09-13 08:20:00)",108.18
C,3,"[2016-09-13 08:20:00,2016-09-13 08:40:00)",165.755
C,3,"[2016-09-13 08:40:00,2016-09-13 09:00:00)",184.48
C,3,"[2016-09-13 09:00:00,2016-09-13 09:20:00)",155.13
C,3,"[2016-09-13 09:20:00,2016-09-13 09:40:00)",134.75
C,3,"[2016-09-13 09:40:00,2016-09-13 10:00:00)",90.92
C,3,"[2016-09-13 17:00:00,2016-09-13 17:20:00)",94.71
C,3,"[2016-09-13 17:20:00,2016-09-13 17:40:00)",143.38
C,3,"[2016-09-13 17:40:00,2016-09-13 18:00:00)",206.8
C,3,"[2016-09-13 18:00:00,2016-09-13 18:20:00)",151.795
C,3,"[2016-09-13 18:20:00,2016-09-13 18:40:00)",322.79
C,3,"[2016-09-13 18:40:00,2016-09-13 19:00:00)",307.52
C,3,"[2016-09-14 08:00:00,2016-09-14 08:20:00)",141.465
C,3,"[2016-09-14 08:20:00,2016-09-14 08:40:00)",225.615
C,3,"[2016-09-14 08:40:00,2016-09-14 09:00:00)",143.31
C,3,"[2016-09-14 09:00:00,2016-09-14 09:20:00)",125.34
C,3,"[2016-09-14 09:20:00,2016-09-14 09:40:00)",142.61
C,3,"[2016-09-14 09:40:00,2016-09-14 10:00:00)",192.15
C,3,"[2016-09-14 17:00:00,2016-09-14 17:20:00)",202.5
C,3,"[2016-09-14 17:20:00,2016-09-14 17:40:00)",193.97
C,3,"[2016-09-14 17:40:00,2016-09-14 18:00:00)",217.71
C,3,"[2016-09-14 18:00:00,2016-09-14 18:20:00)",254.09
C,3,"[2016-09-14 18:20:00,2016-09-14 18:40:00)",226.57
C,3,"[2016-09-14 18:40:00,2016-09-14 19:00:00)",147.56
C,3,"[2016-09-15 08:00:00,2016-09-15 08:20:00)",132.36
C,3,"[2016-09-15 08:20:00,2016-09-15 08:40:00)",151.88
C,3,"[2016-09-15 08:40:00,2016-09-15 09:00:00)",145.62
C,3,"[2016-09-15 09:00:00,2016-09-15 09:20:00)",178.56
C,3,"[2016-09-15 09:20:00,2016-09-15 09:40:00)",117.675
C,3,"[2016-09-15 09:40:00,2016-09-15 10:00:00)",188.775
C,3,"[2016-09-15 17:00:00,2016-09-15 17:20:00)",107.61
C,3,"[2016-09-15 17:20:00,2016-09-15 17:40:00)",225.98
C,3,"[2016-09-15 17:40:00,2016-09-15 18:00:00)",178.405
C,3,"[2016-09-15 18:00:00,2016-09-15 18:20:00)",185.525
C,3,"[2016-09-15 18:20:00,2016-09-15 18:40:00)",200.06
C,3,"[2016-09-15 18:40:00,2016-09-15 19:00:00)",148.545
C,3,"[2016-09-16 08:00:00,2016-09-16 08:20:00)",171.51
C,3,"[2016-09-16 08:20:00,2016-09-16 08:40:00)",135.9
C,3,"[2016-09-16 08:40:00,2016-09-16 09:00:00)",122.41
C,3,"[2016-09-16 09:00:00,2016-09-16 09:20:00)",155.6
C,3,"[2016-09-16 09:20:00,2016-09-16 09:40:00)",117.47
C,3,"[2016-09-16 09:40:00,2016-09-16 10:00:00)",162.06
C,3,"[2016-09-16 17:00:00,2016-09-16 17:20:00)",216.63
C,3,"[2016-09-16 17:20:00,2016-09-16 17:40:00)",244.63
C,3,"[2016-09-16 17:40:00,2016-09-16 18:00:00)",130.06
C,3,"[2016-09-16 18:00:00,2016-09-16 18:20:00)",151.8
C,3,"[2016-09-16 18:20:00,2016-09-16 18:40:00)",156.435
C,3,"[2016-09-16 18:40:00,2016-09-16 19:00:00)",214.45
C,3,"[2016-09-17 08:00:00,2016-09-17 08:20:00)",116.39
C,3,"[2016-09-17 08:20:00,2016-09-17 08:40:00)",328.075
C,3,"[2016-09-17 08:40:00,2016-09-17 09:00:00)",186.385
C,3,"[2016-09-17 09:00:00,2016-09-17 09:20:00)",208.78
C,3,"[2016-09-17 09:20:00,2016-09-17 09:40:00)",146.195
C,3,"[2016-09-17 09:40:00,2016-09-17 10:00:00)",230.22
C,3,"[2016-09-17 17:00:00,2016-09-17 17:20:00)",189.29
C,3,"[2016-09-17 17:20:00,2016-09-17 17:40:00)",185.98
C,3,"[2016-09-17 17:40:00,2016-09-17 18:00:00)",201.44
C,3,"[2016-09-17 18:00:00,2016-09-17 18:20:00)",208.53
C,3,"[2016-09-17 18:20:00,2016-09-17 18:40:00)",410.48
C,3,"[2016-09-17 18:40:00,2016-09-17 19:00:00)",190.85
C,3,"[2016-09-18 08:00:00,2016-09-18 08:20:00)",154.415
C,3,"[2016-09-18 08:20:00,2016-09-18 08:40:00)",135.94
C,3,"[2016-09-18 08:40:00,2016-09-18 09:00:00)",107.9
C,3,"[2016-09-18 09:00:00,2016-09-18 09:20:00)",178.15
C,3,"[2016-09-18 09:20:00,2016-09-18 09:40:00)",155.81
C,3,"[2016-09-18 09:40:00,2016-09-18 10:00:00)",226.93
C,3,"[2016-09-18 17:00:00,2016-09-18 17:20:00)",121.33
C,3,"[2016-09-18 17:20:00,2016-09-18 17:40:00)",133.19
C,3,"[2016-09-18 17:40:00,2016-09-18 18:00:00)",198.895
C,3,"[2016-09-18 18:00:00,2016-09-18 18:20:00)",179.34
C,3,"[2016-09-18 18:20:00,2016-09-18 18:40:00)",301.065
C,3,"[2016-09-18 18:40:00,2016-09-18 19:00:00)",217.04
C,3,"[2016-09-19 08:00:00,2016-09-19 08:20:00)",178.12
C,3,"[2016-09-19 08:20:00,2016-09-19 08:40:00)",137.855
C,3,"[2016-09-19 08:40:00,2016-09-19 09:00:00)",198.08
C,3,"[2016-09-19 09:00:00,2016-09-19 09:20:00)",146.91
C,3,"[2016-09-19 09:20:00,2016-09-19 09:40:00)",154.67
C,3,"[2016-09-19 09:40:00,2016-09-19 10:00:00)",183.92
C,3,"[2016-09-19 17:00:00,2016-09-19 17:20:00)",215.29
C,3,"[2016-09-19 17:20:00,2016-09-19 17:40:00)",145.31
C,3,"[2016-09-19 17:40:00,2016-09-19 18:00:00)",264.175
C,3,"[2016-09-19 18:00:00,2016-09-19 18:20:00)",154.22
C,3,"[2016-09-19 18:20:00,2016-09-19 18:40:00)",190.44
C,3,"[2016-09-19 18:40:00,2016-09-19 19:00:00)",149.06
C,3,"[2016-09-20 08:00:00,2016-09-20 08:20:00)",276.74
C,3,"[2016-09-20 08:20:00,2016-09-20 08:40:00)",165.755
C,3,"[2016-09-20 08:40:00,2016-09-20 09:00:00)",150.99
C,3,"[2016-09-20 09:00:00,2016-09-20 09:20:00)",113.72
C,3,"[2016-09-20 09:20:00,2016-09-20 09:40:00)",148.44
C,3,"[2016-09-20 09:40:00,2016-09-20 10:00:00)",170.59
C,3,"[2016-09-20 17:00:00,2016-09-20 17:20:00)",196.55
C,3,"[2016-09-20 17:20:00,2016-09-20 17:40:00)",147.775
C,3,"[2016-09-20 17:40:00,2016-09-20 18:00:00)",206.8
C,3,"[2016-09-20 18:00:00,2016-09-20 18:20:00)",174.05
C,3,"[2016-09-20 18:20:00,2016-09-20 18:40:00)",245.33
C,3,"[2016-09-20 18:40:00,2016-09-20 19:00:00)",242.17
C,3,"[2016-09-21 08:00:00,2016-09-21 08:20:00)",112.29
C,3,"[2016-09-21 08:20:00,2016-09-21 08:40:00)",314.07
C,3,"[2016-09-21 08:40:00,2016-09-21 09:00:00)",437.68
C,3,"[2016-09-21 09:00:00,2016-09-21 09:20:00)",255.13
C,3,"[2016-09-21 09:20:00,2016-09-21 09:40:00)",175.9
C,3,"[2016-09-21 09:40:00,2016-09-21 10:00:00)",192.15
C,3,"[2016-09-21 17:00:00,2016-09-21 17:20:00)",241.3
C,3,"[2016-09-21 17:20:00,2016-09-21 17:40:00)",133.25
C,3,"[2016-09-21 17:40:00,2016-09-21 18:00:00)",173.89
C,3,"[2016-09-21 18:00:00,2016-09-21 18:20:00)",164.54
C,3,"[2016-09-21 18:20:00,2016-09-21 18:40:00)",131.76
C,3,"[2016-09-21 18:40:00,2016-09-21 19:00:00)",188.63
C,3,"[2016-09-22 08:00:00,2016-09-22 08:20:00)",132.36
C,3,"[2016-09-22 08:20:00,2016-09-22 08:40:00)",151.88
C,3,"[2016-09-22 08:40:00,2016-09-22 09:00:00)",210.32
C,3,"[2016-09-22 09:00:00,2016-09-22 09:20:00)",158.02
C,3,"[2016-09-22 09:20:00,2016-09-22 09:40:00)",131.37
C,3,"[2016-09-22 09:40:00,2016-09-22 10:00:00)",215.32
C,3,"[2016-09-22 17:00:00,2016-09-22 17:20:00)",122.26
C,3,"[2016-09-22 17:20:00,2016-09-22 17:40:00)",219.42
C,3,"[2016-09-22 17:40:00,2016-09-22 18:00:00)",178.405
C,3,"[2016-09-22 18:00:00,2016-09-22 18:20:00)",136.18
C,3,"[2016-09-22 18:20:00,2016-09-22 18:40:00)",283.73
C,3,"[2016-09-22 18:40:00,2016-09-22 19:00:00)",125.44
C,3,"[2016-09-23 08:00:00,2016-09-23 08:20:00)",170.865
C,3,"[2016-09-23 08:20:00,2016-09-23 08:40:00)",117.1
C,3,"[2016-09-23 08:40:00,2016-09-23 09:00:00)",140.115
C,3,"[2016-09-23 09:00:00,2016-09-23 09:20:00)",134.165
C,3,"[2016-09-23 09:20:00,2016-09-23 09:40:00)",268.05
C,3,"[2016-09-23 09:40:00,2016-09-23 10:00:00)",146.04
C,3,"[2016-09-23 17:00:00,2016-09-23 17:20:00)",211.755
C,3,"[2016-09-23 17:20:00,2016-09-23 17:40:00)",164.08
C,3,"[2016-09-23 17:40:00,2016-09-23 18:00:00)",139.845
C,3,"[2016-09-23 18:00:00,2016-09-23 18:20:00)",175.685
C,3,"[2016-09-23 18:20:00,2016-09-23 18:40:00)",183.43
C,3,"[2016-09-23 18:40:00,2016-09-23 19:00:00)",214.45
C,3,"[2016-09-24 08:00:00,2016-09-24 08:20:00)",182.37
C,3,"[2016-09-24 08:20:00,2016-09-24 08:40:00)",467.05
C,3,"[2016-09-24 08:40:00,2016-09-24 09:00:00)",156.69
C,3,"[2016-09-24 09:00:00,2016-09-24 09:20:00)",213.36
C,3,"[2016-09-24 09:20:00,2016-09-24 09:40:00)",163.04
C,3,"[2016-09-24 09:40:00,2016-09-24 10:00:00)",170.08
C,3,"[2016-09-24 17:00:00,2016-09-24 17:20:00)",187.83
C,3,"[2016-09-24 17:20:00,2016-09-24 17:40:00)",160.63
C,3,"[2016-09-24 17:40:00,2016-09-24 18:00:00)",149.25
C,3,"[2016-09-24 18:00:00,2016-09-24 18:20:00)",223.22
C,3,"[2016-09-24 18:20:00,2016-09-24 18:40:00)",155.5
C,3,"[2016-09-24 18:40:00,2016-09-24 19:00:00)",174.38
C,3,"[2016-09-25 08:00:00,2016-09-25 08:20:00)",158.45
C,3,"[2016-09-25 08:20:00,2016-09-25 08:40:00)",135.94
C,3,"[2016-09-25 08:40:00,2016-09-25 09:00:00)",145.93
C,3,"[2016-09-25 09:00:00,2016-09-25 09:20:00)",174.94
C,3,"[2016-09-25 09:20:00,2016-09-25 09:40:00)",181.94
C,3,"[2016-09-25 09:40:00,2016-09-25 10:00:00)",150.86
C,3,"[2016-09-25 17:00:00,2016-09-25 17:20:00)",171.91
C,3,"[2016-09-25 17:20:00,2016-09-25 17:40:00)",197.17
C,3,"[2016-09-25 17:40:00,2016-09-25 18:00:00)",221.27
C,3,"[2016-09-25 18:00:00,2016-09-25 18:20:00)",206.005
C,3,"[2016-09-25 18:20:00,2016-09-25 18:40:00)",287.89
C,3,"[2016-09-25 18:40:00,2016-09-25 19:00:00)",188.515
C,3,"[2016-09-26 08:00:00,2016-09-26 08:20:00)",132.38
C,3,"[2016-09-26 08:20:00,2016-09-26 08:40:00)",168.91
C,3,"[2016-09-26 08:40:00,2016-09-26 09:00:00)",161.13
C,3,"[2016-09-26 09:00:00,2016-09-26 09:20:00)",164.8
C,3,"[2016-09-26 09:20:00,2016-09-26 09:40:00)",224.91
C,3,"[2016-09-26 09:40:00,2016-09-26 10:00:00)",134.17
C,3,"[2016-09-26 17:00:00,2016-09-26 17:20:00)",194.52
C,3,"[2016-09-26 17:20:00,2016-09-26 17:40:00)",143.88
C,3,"[2016-09-26 17:40:00,2016-09-26 18:00:00)",293.15
C,3,"[2016-09-26 18:00:00,2016-09-26 18:20:00)",209.85
C,3,"[2016-09-26 18:20:00,2016-09-26 18:40:00)",163
C,3,"[2016-09-26 18:40:00,2016-09-26 19:00:00)",175.99
C,3,"[2016-09-27 08:00:00,2016-09-27 08:20:00)",217.36
C,3,"[2016-09-27 08:20:00,2016-09-27 08:40:00)",165.755
C,3,"[2016-09-27 08:40:00,2016-09-27 09:00:00)",117.5
C,3,"[2016-09-27 09:00:00,2016-09-27 09:20:00)",142.73
C,3,"[2016-09-27 09:20:00,2016-09-27 09:40:00)",162.13
C,3,"[2016-09-27 09:40:00,2016-09-27 10:00:00)",170.59
C,3,"[2016-09-27 17:00:00,2016-09-27 17:20:00)",208.42
C,3,"[2016-09-27 17:20:00,2016-09-27 17:40:00)",152.17
C,3,"[2016-09-27 17:40:00,2016-09-27 18:00:00)",168.59
C,3,"[2016-09-27 18:00:00,2016-09-27 18:20:00)",167.16
C,3,"[2016-09-27 18:20:00,2016-09-27 18:40:00)",167.87
C,3,"[2016-09-27 18:40:00,2016-09-27 19:00:00)",176.82
C,3,"[2016-09-28 08:00:00,2016-09-28 08:20:00)",172.21
C,3,"[2016-09-28 08:20:00,2016-09-28 08:40:00)",113.4
C,3,"[2016-09-28 08:40:00,2016-09-28 09:00:00)",113.03
C,3,"[2016-09-28 09:00:00,2016-09-28 09:20:00)",199.31
C,3,"[2016-09-28 09:20:00,2016-09-28 09:40:00)",209.19
C,3,"[2016-09-28 09:40:00,2016-09-28 10:00:00)",195.32
C,3,"[2016-09-28 17:00:00,2016-09-28 17:20:00)",142.23
C,3,"[2016-09-28 17:20:00,2016-09-28 17:40:00)",223.2
C,3,"[2016-09-28 17:40:00,2016-09-28 18:00:00)",183.27
C,3,"[2016-09-28 18:00:00,2016-09-28 18:20:00)",366.94
C,3,"[2016-09-28 18:20:00,2016-09-28 18:40:00)",248.93
C,3,"[2016-09-28 18:40:00,2016-09-28 19:00:00)",178.485
C,3,"[2016-09-29 08:00:00,2016-09-29 08:20:00)",132.36
C,3,"[2016-09-29 08:20:00,2016-09-29 08:40:00)",150.58
C,3,"[2016-09-29 08:40:00,2016-09-29 09:00:00)",134.68
C,3,"[2016-09-29 09:00:00,2016-09-29 09:20:00)",174.14
C,3,"[2016-09-29 09:20:00,2016-09-29 09:40:00)",164.42
C,3,"[2016-09-29 09:40:00,2016-09-29 10:00:00)",184.78
C,3,"[2016-09-29 17:00:00,2016-09-29 17:20:00)",176.56
C,3,"[2016-09-29 17:20:00,2016-09-29 17:40:00)",184.95
C,3,"[2016-09-29 17:40:00,2016-09-29 18:00:00)",178.405
C,3,"[2016-09-29 18:00:00,2016-09-29 18:20:00)",128.985
C,3,"[2016-09-29 18:20:00,2016-09-29 18:40:00)",238.745
C,3,"[2016-09-29 18:40:00,2016-09-29 19:00:00)",189.05
C,3,"[2016-09-30 08:00:00,2016-09-30 08:20:00)",170.22
C,3,"[2016-09-30 08:20:00,2016-09-30 08:40:00)",98.3
C,3,"[2016-09-30 08:40:00,2016-09-30 09:00:00)",157.82
C,3,"[2016-09-30 09:00:00,2016-09-30 09:20:00)",134.165
C,3,"[2016-09-30 09:20:00,2016-09-30 09:40:00)",206.99
C,3,"[2016-09-30 09:40:00,2016-09-30 10:00:00)",130.02
C,3,"[2016-09-30 17:00:00,2016-09-30 17:20:00)",206.88
C,3,"[2016-09-30 17:20:00,2016-09-30 17:40:00)",212.48
C,3,"[2016-09-30 17:40:00,2016-09-30 18:00:00)",149.63
C,3,"[2016-09-30 18:00:00,2016-09-30 18:20:00)",199.57
C,3,"[2016-09-30 18:20:00,2016-09-30 18:40:00)",298.06
C,3,"[2016-09-30 18:40:00,2016-09-30 19:00:00)",244.39
C,3,"[2016-10-01 08:00:00,2016-10-01 08:20:00)",248.35
C,3,"[2016-10-01 08:20:00,2016-10-01 08:40:00)",147.99
C,3,"[2016-10-01 08:40:00,2016-10-01 09:00:00)",184.11
C,3,"[2016-10-01 09:00:00,2016-10-01 09:20:00)",166.46
C,3,"[2016-10-01 09:20:00,2016-10-01 09:40:00)",197.84
C,3,"[2016-10-01 09:40:00,2016-10-01 10:00:00)",170.31
C,3,"[2016-10-01 17:00:00,2016-10-01 17:20:00)",135.125
C,3,"[2016-10-01 17:20:00,2016-10-01 17:40:00)",164.63
C,3,"[2016-10-01 17:40:00,2016-10-01 18:00:00)",149.25
C,3,"[2016-10-01 18:00:00,2016-10-01 18:20:00)",129.94
C,3,"[2016-10-01 18:20:00,2016-10-01 18:40:00)",171.42
C,3,"[2016-10-01 18:40:00,2016-10-01 19:00:00)",146.96
C,3,"[2016-10-02 08:00:00,2016-10-02 08:20:00)",104.67
C,3,"[2016-10-02 08:20:00,2016-10-02 08:40:00)",154.12
C,3,"[2016-10-02 08:40:00,2016-10-02 09:00:00)",185.38
C,3,"[2016-10-02 09:00:00,2016-10-02 09:20:00)",195.95
C,3,"[2016-10-02 09:20:00,2016-10-02 09:40:00)",176.76
C,3,"[2016-10-02 09:40:00,2016-10-02 10:00:00)",164.44
C,3,"[2016-10-02 17:00:00,2016-10-02 17:20:00)",215.75
C,3,"[2016-10-02 17:20:00,2016-10-02 17:40:00)",163.44
C,3,"[2016-10-02 17:40:00,2016-10-02 18:00:00)",226.43
C,3,"[2016-10-02 18:00:00,2016-10-02 18:20:00)",232.67
C,3,"[2016-10-02 18:20:00,2016-10-02 18:40:00)",215.35
C,3,"[2016-10-02 18:40:00,2016-10-02 19:00:00)",159.99
C,3,"[2016-10-03 08:00:00,2016-10-03 08:20:00)",132.38
C,3,"[2016-10-03 08:20:00,2016-10-03 08:40:00)",168.91
C,3,"[2016-10-03 08:40:00,2016-10-03 09:00:00)",124.18
C,3,"[2016-10-03 09:00:00,2016-10-03 09:20:00)",216.74
C,3,"[2016-10-03 09:20:00,2016-10-03 09:40:00)",208.66
C,3,"[2016-10-03 09:40:00,2016-10-03 10:00:00)",133.46
C,3,"[2016-10-03 17:00:00,2016-10-03 17:20:00)",180.94
C,3,"[2016-10-03 17:20:00,2016-10-03 17:40:00)",171.86
C,3,"[2016-10-03 17:40:00,2016-10-03 18:00:00)",233.245
C,3,"[2016-10-03 18:00:00,2016-10-03 18:20:00)",183.4
C,3,"[2016-10-03 18:20:00,2016-10-03 18:40:00)",178.27
C,3,"[2016-10-03 18:40:00,2016-10-03 19:00:00)",164.15
C,3,"[2016-10-04 08:00:00,2016-10-04 08:20:00)",157.98
C,3,"[2016-10-04 08:20:00,2016-10-04 08:40:00)",126.82
C,3,"[2016-10-04 08:40:00,2016-10-04 09:00:00)",155.64
C,3,"[2016-10-04 09:00:00,2016-10-04 09:20:00)",142.23
C,3,"[2016-10-04 09:20:00,2016-10-04 09:40:00)",164.22
C,3,"[2016-10-04 09:40:00,2016-10-04 10:00:00)",250.26
C,3,"[2016-10-04 17:00:00,2016-10-04 17:20:00)",208.34
C,3,"[2016-10-04 17:20:00,2016-10-04 17:40:00)",158.2
C,3,"[2016-10-04 17:40:00,2016-10-04 18:00:00)",211.37
C,3,"[2016-10-04 18:00:00,2016-10-04 18:20:00)",160.27
C,3,"[2016-10-04 18:20:00,2016-10-04 18:40:00)",143.09
C,3,"[2016-10-04 18:40:00,2016-10-04 19:00:00)",206.53
C,3,"[2016-10-05 08:00:00,2016-10-05 08:20:00)",143.43
C,3,"[2016-10-05 08:20:00,2016-10-05 08:40:00)",139.65
C,3,"[2016-10-05 08:40:00,2016-10-05 09:00:00)",121.99
C,3,"[2016-10-05 09:00:00,2016-10-05 09:20:00)",143.49
C,3,"[2016-10-05 09:20:00,2016-10-05 09:40:00)",199.18
C,3,"[2016-10-05 09:40:00,2016-10-05 10:00:00)",234.35
C,3,"[2016-10-05 17:00:00,2016-10-05 17:20:00)",221.98
C,3,"[2016-10-05 17:20:00,2016-10-05 17:40:00)",188.42
C,3,"[2016-10-05 17:40:00,2016-10-05 18:00:00)",193.64
C,3,"[2016-10-05 18:00:00,2016-10-05 18:20:00)",218.76
C,3,"[2016-10-05 18:20:00,2016-10-05 18:40:00)",175.24
C,3,"[2016-10-05 18:40:00,2016-10-05 19:00:00)",168.34
C,3,"[2016-10-06 08:00:00,2016-10-06 08:20:00)",139.09
C,3,"[2016-10-06 08:20:00,2016-10-06 08:40:00)",115.87
C,3,"[2016-10-06 08:40:00,2016-10-06 09:00:00)",138.22
C,3,"[2016-10-06 09:00:00,2016-10-06 09:20:00)",145.33
C,3,"[2016-10-06 09:20:00,2016-10-06 09:40:00)",164.42
C,3,"[2016-10-06 09:40:00,2016-10-06 10:00:00)",154.24
C,3,"[2016-10-06 17:00:00,2016-10-06 17:20:00)",167.73
C,3,"[2016-10-06 17:20:00,2016-10-06 17:40:00)",170.575
C,3,"[2016-10-06 17:40:00,2016-10-06 18:00:00)",190.84
C,3,"[2016-10-06 18:00:00,2016-10-06 18:20:00)",121.79
C,3,"[2016-10-06 18:20:00,2016-10-06 18:40:00)",193.76
C,3,"[2016-10-06 18:40:00,2016-10-06 19:00:00)",183.855
C,3,"[2016-10-07 08:00:00,2016-10-07 08:20:00)",90.12
C,3,"[2016-10-07 08:20:00,2016-10-07 08:40:00)",98.3
C,3,"[2016-10-07 08:40:00,2016-10-07 09:00:00)",154.53
C,3,"[2016-10-07 09:00:00,2016-10-07 09:20:00)",112.73
C,3,"[2016-10-07 09:20:00,2016-10-07 09:40:00)",145.93
C,3,"[2016-10-07 09:40:00,2016-10-07 10:00:00)",137.77
C,3,"[2016-10-07 17:00:00,2016-10-07 17:20:00)",204.26
C,3,"[2016-10-07 17:20:00,2016-10-07 17:40:00)",219.95
C,3,"[2016-10-07 17:40:00,2016-10-07 18:00:00)",315.26
C,3,"[2016-10-07 18:00:00,2016-10-07 18:20:00)",195.975
C,3,"[2016-10-07 18:20:00,2016-10-07 18:40:00)",233.37
C,3,"[2016-10-07 18:40:00,2016-10-07 19:00:00)",272.45
C,3,"[2016-10-08 08:00:00,2016-10-08 08:20:00)",248.35
C,3,"[2016-10-08 08:20:00,2016-10-08 08:40:00)",95.48
C,3,"[2016-10-08 08:40:00,2016-10-08 09:00:00)",86.51
C,3,"[2016-10-08 09:00:00,2016-10-08 09:20:00)",128.32
C,3,"[2016-10-08 09:20:00,2016-10-08 09:40:00)",132.58
C,3,"[2016-10-08 09:40:00,2016-10-08 10:00:00)",163.32
C,3,"[2016-10-08 17:00:00,2016-10-08 17:20:00)",135.125
C,3,"[2016-10-08 17:20:00,2016-10-08 17:40:00)",221.78
C,3,"[2016-10-08 17:40:00,2016-10-08 18:00:00)",97.06
C,3,"[2016-10-08 18:00:00,2016-10-08 18:20:00)",122.67
C,3,"[2016-10-08 18:20:00,2016-10-08 18:40:00)",187.34
C,3,"[2016-10-08 18:40:00,2016-10-08 19:00:00)",202.79
C,3,"[2016-10-09 08:00:00,2016-10-09 08:20:00)",167.85
C,3,"[2016-10-09 08:20:00,2016-10-09 08:40:00)",128.33
C,3,"[2016-10-09 08:40:00,2016-10-09 09:00:00)",137.08
C,3,"[2016-10-09 09:00:00,2016-10-09 09:20:00)",195.95
C,3,"[2016-10-09 09:20:00,2016-10-09 09:40:00)",187.1
C,3,"[2016-10-09 09:40:00,2016-10-09 10:00:00)",174.07
C,3,"[2016-10-09 17:00:00,2016-10-09 17:20:00)",205.255
C,3,"[2016-10-09 17:20:00,2016-10-09 17:40:00)",189.36
C,3,"[2016-10-09 17:40:00,2016-10-09 18:00:00)",180.7
C,3,"[2016-10-09 18:00:00,2016-10-09 18:20:00)",153.62
C,3,"[2016-10-09 18:20:00,2016-10-09 18:40:00)",215.35
C,3,"[2016-10-09 18:40:00,2016-10-09 19:00:00)",211.23
C,3,"[2016-10-10 08:00:00,2016-10-10 08:20:00)",132.38
C,3,"[2016-10-10 08:20:00,2016-10-10 08:40:00)",168.91
C,3,"[2016-10-10 08:40:00,2016-10-10 09:00:00)",124.18
C,3,"[2016-10-10 09:00:00,2016-10-10 09:20:00)",189.87
C,3,"[2016-10-10 09:20:00,2016-10-10 09:40:00)",220.87
C,3,"[2016-10-10 09:40:00,2016-10-10 10:00:00)",89.47
C,3,"[2016-10-10 17:00:00,2016-10-10 17:20:00)",189.83
C,3,"[2016-10-10 17:20:00,2016-10-10 17:40:00)",163.67
C,3,"[2016-10-10 17:40:00,2016-10-10 18:00:00)",173.34
C,3,"[2016-10-10 18:00:00,2016-10-10 18:20:00)",183.4
C,3,"[2016-10-10 18:20:00,2016-10-10 18:40:00)",178.27
C,3,"[2016-10-10 18:40:00,2016-10-10 19:00:00)",155.4
C,3,"[2016-10-11 08:00:00,2016-10-11 08:20:00)",157.98
C,3,"[2016-10-11 08:20:00,2016-10-11 08:40:00)",131.44
C,3,"[2016-10-11 08:40:00,2016-10-11 09:00:00)",137.79
C,3,"[2016-10-11 09:00:00,2016-10-11 09:20:00)",142.23
C,3,"[2016-10-11 09:20:00,2016-10-11 09:40:00)",202.18
C,3,"[2016-10-11 09:40:00,2016-10-11 10:00:00)",117.08
C,3,"[2016-10-11 17:00:00,2016-10-11 17:20:00)",208.34
C,3,"[2016-10-11 17:20:00,2016-10-11 17:40:00)",183.23
C,3,"[2016-10-11 17:40:00,2016-10-11 18:00:00)",218.23
C,3,"[2016-10-11 18:00:00,2016-10-11 18:20:00)",160.27
C,3,"[2016-10-11 18:20:00,2016-10-11 18:40:00)",229.61
C,3,"[2016-10-11 18:40:00,2016-10-11 19:00:00)",206.53
C,3,"[2016-10-12 08:00:00,2016-10-12 08:20:00)",175.34
C,3,"[2016-10-12 08:20:00,2016-10-12 08:40:00)",139.65
C,3,"[2016-10-12 08:40:00,2016-10-12 09:00:00)",258.09
C,3,"[2016-10-12 09:00:00,2016-10-12 09:20:00)",245.42
C,3,"[2016-10-12 09:20:00,2016-10-12 09:40:00)",199.18
C,3,"[2016-10-12 09:40:00,2016-10-12 10:00:00)",215.89
C,3,"[2016-10-12 17:00:00,2016-10-12 17:20:00)",221.98
C,3,"[2016-10-12 17:20:00,2016-10-12 17:40:00)",148.58
C,3,"[2016-10-12 17:40:00,2016-10-12 18:00:00)",196.05
C,3,"[2016-10-12 18:00:00,2016-10-12 18:20:00)",146.06
C,3,"[2016-10-12 18:20:00,2016-10-12 18:40:00)",175.24
C,3,"[2016-10-12 18:40:00,2016-10-12 19:00:00)",216.72
C,3,"[2016-10-13 08:00:00,2016-10-13 08:20:00)",194.72
C,3,"[2016-10-13 08:20:00,2016-10-13 08:40:00)",108.52
C,3,"[2016-10-13 08:40:00,2016-10-13 09:00:00)",138.22
C,3,"[2016-10-13 09:00:00,2016-10-13 09:20:00)",145.33
C,3,"[2016-10-13 09:20:00,2016-10-13 09:40:00)",164.42
C,3,"[2016-10-13 09:40:00,2016-10-13 10:00:00)",187.55
C,3,"[2016-10-13 17:00:00,2016-10-13 17:20:00)",234.99
C,3,"[2016-10-13 17:20:00,2016-10-13 17:40:00)",156.2
C,3,"[2016-10-13 17:40:00,2016-10-13 18:00:00)",190.84
C,3,"[2016-10-13 18:00:00,2016-10-13 18:20:00)",121.79
C,3,"[2016-10-13 18:20:00,2016-10-13 18:40:00)",193.76
C,3,"[2016-10-13 18:40:00,2016-10-13 19:00:00)",178.66
C,3,"[2016-10-14 08:00:00,2016-10-14 08:20:00)",90.12
C,3,"[2016-10-14 08:20:00,2016-10-14 08:40:00)",98.3
C,3,"[2016-10-14 08:40:00,2016-10-14 09:00:00)",154.53
C,3,"[2016-10-14 09:00:00,2016-10-14 09:20:00)",112.73
C,3,"[2016-10-14 09:20:00,2016-10-14 09:40:00)",145.93
C,3,"[2016-10-14 09:40:00,2016-10-14 10:00:00)",136.44
C,3,"[2016-10-14 17:00:00,2016-10-14 17:20:00)",163.77
C,3,"[2016-10-14 17:20:00,2016-10-14 17:40:00)",137.73
C,3,"[2016-10-14 17:40:00,2016-10-14 18:00:00)",378.53
C,3,"[2016-10-14 18:00:00,2016-10-14 18:20:00)",192.38
C,3,"[2016-10-14 18:20:00,2016-10-14 18:40:00)",138.11
C,3,"[2016-10-14 18:40:00,2016-10-14 19:00:00)",128.24
C,3,"[2016-10-15 08:00:00,2016-10-15 08:20:00)",248.35
C,3,"[2016-10-15 08:20:00,2016-10-15 08:40:00)",95.48
C,3,"[2016-10-15 08:40:00,2016-10-15 09:00:00)",155.38
C,3,"[2016-10-15 09:00:00,2016-10-15 09:20:00)",161.15
C,3,"[2016-10-15 09:20:00,2016-10-15 09:40:00)",205.19
C,3,"[2016-10-15 09:40:00,2016-10-15 10:00:00)",113.69
C,3,"[2016-10-15 17:00:00,2016-10-15 17:20:00)",82.42
C,3,"[2016-10-15 17:20:00,2016-10-15 17:40:00)",201.31
C,3,"[2016-10-15 17:40:00,2016-10-15 18:00:00)",176.67
C,3,"[2016-10-15 18:00:00,2016-10-15 18:20:00)",122.67
C,3,"[2016-10-15 18:20:00,2016-10-15 18:40:00)",242.57
C,3,"[2016-10-15 18:40:00,2016-10-15 19:00:00)",258.62
C,3,"[2016-10-16 08:00:00,2016-10-16 08:20:00)",167.85
C,3,"[2016-10-16 08:20:00,2016-10-16 08:40:00)",128.33
C,3,"[2016-10-16 08:40:00,2016-10-16 09:00:00)",88.78
C,3,"[2016-10-16 09:00:00,2016-10-16 09:20:00)",195.95
C,3,"[2016-10-16 09:20:00,2016-10-16 09:40:00)",141.18
C,3,"[2016-10-16 09:40:00,2016-10-16 10:00:00)",181.15
C,3,"[2016-10-16 17:00:00,2016-10-16 17:20:00)",194.76
C,3,"[2016-10-16 17:20:00,2016-10-16 17:40:00)",215.28
C,3,"[2016-10-16 17:40:00,2016-10-16 18:00:00)",224.67
C,3,"[2016-10-16 18:00:00,2016-10-16 18:20:00)",141.09
C,3,"[2016-10-16 18:20:00,2016-10-16 18:40:00)",142.81
C,3,"[2016-10-16 18:40:00,2016-10-16 19:00:00)",144.41
C,3,"[2016-10-17 08:00:00,2016-10-17 08:20:00)",132.38
C,3,"[2016-10-17 08:20:00,2016-10-17 08:40:00)",168.91
C,3,"[2016-10-17 08:40:00,2016-10-17 09:00:00)",198.63
C,3,"[2016-10-17 09:00:00,2016-10-17 09:20:00)",189.87
C,3,"[2016-10-17 09:20:00,2016-10-17 09:40:00)",220.87
C,3,"[2016-10-17 09:40:00,2016-10-17 10:00:00)",218.18
C,3,"[2016-10-17 17:00:00,2016-10-17 17:20:00)",189.83
C,3,"[2016-10-17 17:20:00,2016-10-17 17:40:00)",122.02
C,3,"[2016-10-17 17:40:00,2016-10-17 18:00:00)",173.34
C,3,"[2016-10-17 18:00:00,2016-10-17 18:20:00)",173.74
C,3,"[2016-10-17 18:20:00,2016-10-17 18:40:00)",178.27
C,3,"[2016-10-17 18:40:00,2016-10-17 19:00:00)",526.49
