B,3,"[2016-07-19 08:00:00,2016-07-19 08:20:00)",125.76
B,3,"[2016-07-19 08:20:00,2016-07-19 08:40:00)",141.33
B,3,"[2016-07-19 08:40:00,2016-07-19 09:00:00)",176.08
B,3,"[2016-07-19 09:00:00,2016-07-19 09:20:00)",165.29
B,3,"[2016-07-19 09:20:00,2016-07-19 09:40:00)",127.38
B,3,"[2016-07-19 09:40:00,2016-07-19 10:00:00)",117.83
B,3,"[2016-07-19 17:00:00,2016-07-19 17:20:00)",139.36
B,3,"[2016-07-19 17:20:00,2016-07-19 17:40:00)",103.67
B,3,"[2016-07-19 17:40:00,2016-07-19 18:00:00)",109.3
B,3,"[2016-07-19 18:00:00,2016-07-19 18:20:00)",108.3
B,3,"[2016-07-19 18:20:00,2016-07-19 18:40:00)",91.94
B,3,"[2016-07-19 18:40:00,2016-07-19 19:00:00)",106.92
B,3,"[2016-07-20 08:00:00,2016-07-20 08:20:00)",182.66
B,3,"[2016-07-20 08:20:00,2016-07-20 08:40:00)",127.68
B,3,"[2016-07-20 08:40:00,2016-07-20 09:00:00)",134.42
B,3,"[2016-07-20 09:00:00,2016-07-20 09:20:00)",114.74
B,3,"[2016-07-20 09:20:00,2016-07-20 09:40:00)",142.06
B,3,"[2016-07-20 09:40:00,2016-07-20 10:00:00)",170.11
B,3,"[2016-07-20 17:00:00,2016-07-20 17:20:00)",114.94
B,3,"[2016-07-20 17:20:00,2016-07-20 17:40:00)",131.36
B,3,"[2016-07-20 17:40:00,2016-07-20 18:00:00)",134.24
B,3,"[2016-07-20 18:00:00,2016-07-20 18:20:00)",101.55
B,3,"[2016-07-20 18:20:00,2016-07-20 18:40:00)",113.77
B,3,"[2016-07-20 18:40:00,2016-07-20 19:00:00)",89.67
B,3,"[2016-07-21 08:00:00,2016-07-21 08:20:00)",107.11
B,3,"[2016-07-21 08:20:00,2016-07-21 08:40:00)",135.53
B,3,"[2016-07-21 08:40:00,2016-07-21 09:00:00)",158.87
B,3,"[2016-07-21 09:00:00,2016-07-21 09:20:00)",333.27
B,3,"[2016-07-21 09:20:00,2016-07-21 09:40:00)",170.66
B,3,"[2016-07-21 09:40:00,2016-07-21 10:00:00)",148.06
B,3,"[2016-07-21 17:00:00,2016-07-21 17:20:00)",167.47
B,3,"[2016-07-21 17:20:00,2016-07-21 17:40:00)",125.52
B,3,"[2016-07-21 17:40:00,2016-07-21 18:00:00)",110.95
B,3,"[2016-07-21 18:00:00,2016-07-21 18:20:00)",95.16
B,3,"[2016-07-21 18:20:00,2016-07-21 18:40:00)",131.44
B,3,"[2016-07-21 18:40:00,2016-07-21 19:00:00)",169.79
B,3,"[2016-07-22 08:00:00,2016-07-22 08:20:00)",126.73
B,3,"[2016-07-22 08:20:00,2016-07-22 08:40:00)",217.6
B,3,"[2016-07-22 08:40:00,2016-07-22 09:00:00)",121.92
B,3,"[2016-07-22 09:00:00,2016-07-22 09:20:00)",161.56
B,3,"[2016-07-22 09:20:00,2016-07-22 09:40:00)",113.62
B,3,"[2016-07-22 09:40:00,2016-07-22 10:00:00)",137.22
B,3,"[2016-07-22 17:00:00,2016-07-22 17:20:00)",115.19
B,3,"[2016-07-22 17:20:00,2016-07-22 17:40:00)",136.99
B,3,"[2016-07-22 17:40:00,2016-07-22 18:00:00)",191.51
B,3,"[2016-07-22 18:00:00,2016-07-22 18:20:00)",105.54
B,3,"[2016-07-22 18:20:00,2016-07-22 18:40:00)",82.42
B,3,"[2016-07-22 18:40:00,2016-07-22 19:00:00)",91.96
B,3,"[2016-07-23 08:00:00,2016-07-23 08:20:00)",157.78
B,3,"[2016-07-23 08:20:00,2016-07-23 08:40:00)",60.5
B,3,"[2016-07-23 08:40:00,2016-07-23 09:00:00)",92.48
B,3,"[2016-07-23 09:00:00,2016-07-23 09:20:00)",153.16
B,3,"[2016-07-23 09:20:00,2016-07-23 09:40:00)",144.09
B,3,"[2016-07-23 09:40:00,2016-07-23 10:00:00)",149.72
B,3,"[2016-07-23 17:00:00,2016-07-23 17:20:00)",116.16
B,3,"[2016-07-23 17:20:00,2016-07-23 17:40:00)",122.16
B,3,"[2016-07-23 17:40:00,2016-07-23 18:00:00)",124.94
B,3,"[2016-07-23 18:00:00,2016-07-23 18:20:00)",140.63
B,3,"[2016-07-23 18:20:00,2016-07-23 18:40:00)",63.35
B,3,"[2016-07-23 18:40:00,2016-07-23 19:00:00)",126.81
B,3,"[2016-07-24 08:00:00,2016-07-24 08:20:00)",36.31
B,3,"[2016-07-24 08:20:00,2016-07-24 08:40:00)",149.99
B,3,"[2016-07-24 08:40:00,2016-07-24 09:00:00)",16.61
B,3,"[2016-07-24 09:00:00,2016-07-24 09:20:00)",98.77
B,3,"[2016-07-24 09:20:00,2016-07-24 09:40:00)",101.02
B,3,"[2016-07-24 09:40:00,2016-07-24 10:00:00)",272.87
B,3,"[2016-07-24 17:00:00,2016-07-24 17:20:00)",248.15
B,3,"[2016-07-24 17:20:00,2016-07-24 17:40:00)",206.31
B,3,"[2016-07-24 17:40:00,2016-07-24 18:00:00)",106.74
B,3,"[2016-07-24 18:00:00,2016-07-24 18:20:00)",122.36
B,3,"[2016-07-24 18:20:00,2016-07-24 18:40:00)",156.42
B,3,"[2016-07-24 18:40:00,2016-07-24 19:00:00)",87.72
B,3,"[2016-07-25 08:00:00,2016-07-25 08:20:00)",108.82
B,3,"[2016-07-25 08:20:00,2016-07-25 08:40:00)",100.64
B,3,"[2016-07-25 08:40:00,2016-07-25 09:00:00)",138.42
B,3,"[2016-07-25 09:00:00,2016-07-25 09:20:00)",161.58
B,3,"[2016-07-25 09:20:00,2016-07-25 09:40:00)",170.83
B,3,"[2016-07-25 09:40:00,2016-07-25 10:00:00)",140.35
B,3,"[2016-07-25 17:00:00,2016-07-25 17:20:00)",118.64
B,3,"[2016-07-25 17:20:00,2016-07-25 17:40:00)",131.04
B,3,"[2016-07-25 17:40:00,2016-07-25 18:00:00)",114.77
B,3,"[2016-07-25 18:00:00,2016-07-25 18:20:00)",186.91
B,3,"[2016-07-25 18:20:00,2016-07-25 18:40:00)",127.39
B,3,"[2016-07-25 18:40:00,2016-07-25 19:00:00)",104.56
B,3,"[2016-07-26 08:00:00,2016-07-26 08:20:00)",119.13
B,3,"[2016-07-26 08:20:00,2016-07-26 08:40:00)",138.17
B,3,"[2016-07-26 08:40:00,2016-07-26 09:00:00)",128.09
B,3,"[2016-07-26 09:00:00,2016-07-26 09:20:00)",120.03
B,3,"[2016-07-26 09:20:00,2016-07-26 09:40:00)",114.45
B,3,"[2016-07-26 09:40:00,2016-07-26 10:00:00)",111.12
B,3,"[2016-07-26 17:00:00,2016-07-26 17:20:00)",123
B,3,"[2016-07-26 17:20:00,2016-07-26 17:40:00)",98.03
B,3,"[2016-07-26 17:40:00,2016-07-26 18:00:00)",137.82
B,3,"[2016-07-26 18:00:00,2016-07-26 18:20:00)",115.07
B,3,"[2016-07-26 18:20:00,2016-07-26 18:40:00)",162.83
B,3,"[2016-07-26 18:40:00,2016-07-26 19:00:00)",128.59
B,3,"[2016-07-27 08:00:00,2016-07-27 08:20:00)",141.44
B,3,"[2016-07-27 08:20:00,2016-07-27 08:40:00)",104.39
B,3,"[2016-07-27 08:40:00,2016-07-27 09:00:00)",82.27
B,3,"[2016-07-27 09:00:00,2016-07-27 09:20:00)",101.52
B,3,"[2016-07-27 09:20:00,2016-07-27 09:40:00)",130.04
B,3,"[2016-07-27 09:40:00,2016-07-27 10:00:00)",80.94
B,3,"[2016-07-27 17:00:00,2016-07-27 17:20:00)",130.69
B,3,"[2016-07-27 17:20:00,2016-07-27 17:40:00)",116.13
B,3,"[2016-07-27 17:40:00,2016-07-27 18:00:00)",121.09
B,3,"[2016-07-27 18:00:00,2016-07-27 18:20:00)",104.3
B,3,"[2016-07-27 18:20:00,2016-07-27 18:40:00)",81.26
B,3,"[2016-07-27 18:40:00,2016-07-27 19:00:00)",111.7
B,3,"[2016-07-28 08:00:00,2016-07-28 08:20:00)",123.53
B,3,"[2016-07-28 08:20:00,2016-07-28 08:40:00)",135.53
B,3,"[2016-07-28 08:40:00,2016-07-28 09:00:00)",158.87
B,3,"[2016-07-28 09:00:00,2016-07-28 09:20:00)",333.27
B,3,"[2016-07-28 09:20:00,2016-07-28 09:40:00)",170.66
B,3,"[2016-07-28 09:40:00,2016-07-28 10:00:00)",148.06
B,3,"[2016-07-28 17:00:00,2016-07-28 17:20:00)",167.47
B,3,"[2016-07-28 17:20:00,2016-07-28 17:40:00)",100.53
B,3,"[2016-07-28 17:40:00,2016-07-28 18:00:00)",205.19
B,3,"[2016-07-28 18:00:00,2016-07-28 18:20:00)",82.83
B,3,"[2016-07-28 18:20:00,2016-07-28 18:40:00)",131.93
B,3,"[2016-07-28 18:40:00,2016-07-28 19:00:00)",115.49
B,3,"[2016-07-29 08:00:00,2016-07-29 08:20:00)",184.46
B,3,"[2016-07-29 08:20:00,2016-07-29 08:40:00)",158.57
B,3,"[2016-07-29 08:40:00,2016-07-29 09:00:00)",150.27
B,3,"[2016-07-29 09:00:00,2016-07-29 09:20:00)",128.22
B,3,"[2016-07-29 09:20:00,2016-07-29 09:40:00)",145.05
B,3,"[2016-07-29 09:40:00,2016-07-29 10:00:00)",142.04
B,3,"[2016-07-29 17:00:00,2016-07-29 17:20:00)",158.55
B,3,"[2016-07-29 17:20:00,2016-07-29 17:40:00)",140.18
B,3,"[2016-07-29 17:40:00,2016-07-29 18:00:00)",142.52
B,3,"[2016-07-29 18:00:00,2016-07-29 18:20:00)",105.85
B,3,"[2016-07-29 18:20:00,2016-07-29 18:40:00)",82.05
B,3,"[2016-07-29 18:40:00,2016-07-29 19:00:00)",111.82
B,3,"[2016-07-30 08:00:00,2016-07-30 08:20:00)",131.38
B,3,"[2016-07-30 08:20:00,2016-07-30 08:40:00)",159.61
B,3,"[2016-07-30 08:40:00,2016-07-30 09:00:00)",132.74
B,3,"[2016-07-30 09:00:00,2016-07-30 09:20:00)",127.71
B,3,"[2016-07-30 09:20:00,2016-07-30 09:40:00)",143.97
B,3,"[2016-07-30 09:40:00,2016-07-30 10:00:00)",149.72
B,3,"[2016-07-30 17:00:00,2016-07-30 17:20:00)",145.23
B,3,"[2016-07-30 17:20:00,2016-07-30 17:40:00)",181.4
B,3,"[2016-07-30 17:40:00,2016-07-30 18:00:00)",127.6
B,3,"[2016-07-30 18:00:00,2016-07-30 18:20:00)",114.32
B,3,"[2016-07-30 18:20:00,2016-07-30 18:40:00)",105.53
B,3,"[2016-07-30 18:40:00,2016-07-30 19:00:00)",178.53
B,3,"[2016-07-31 08:00:00,2016-07-31 08:20:00)",176.06
B,3,"[2016-07-31 08:20:00,2016-07-31 08:40:00)",149.09
B,3,"[2016-07-31 08:40:00,2016-07-31 09:00:00)",138.09
B,3,"[2016-07-31 09:00:00,2016-07-31 09:20:00)",213.85
B,3,"[2016-07-31 09:20:00,2016-07-31 09:40:00)",155.66
B,3,"[2016-07-31 09:40:00,2016-07-31 10:00:00)",161
B,3,"[2016-07-31 17:00:00,2016-07-31 17:20:00)",152.77
B,3,"[2016-07-31 17:20:00,2016-07-31 17:40:00)",210.7
B,3,"[2016-07-31 17:40:00,2016-07-31 18:00:00)",108.4
B,3,"[2016-07-31 18:00:00,2016-07-31 18:20:00)",140.295
B,3,"[2016-07-31 18:20:00,2016-07-31 18:40:00)",119.65
B,3,"[2016-07-31 18:40:00,2016-07-31 19:00:00)",109.51
B,3,"[2016-08-01 08:00:00,2016-08-01 08:20:00)",132.32
B,3,"[2016-08-01 08:20:00,2016-08-01 08:40:00)",138.36
B,3,"[2016-08-01 08:40:00,2016-08-01 09:00:00)",155.89
B,3,"[2016-08-01 09:00:00,2016-08-01 09:20:00)",292.61
B,3,"[2016-08-01 09:20:00,2016-08-01 09:40:00)",134.17
B,3,"[2016-08-01 09:40:00,2016-08-01 10:00:00)",138.79
B,3,"[2016-08-01 17:00:00,2016-08-01 17:20:00)",141.92
B,3,"[2016-08-01 17:20:00,2016-08-01 17:40:00)",120.3
B,3,"[2016-08-01 17:40:00,2016-08-01 18:00:00)",164.28
B,3,"[2016-08-01 18:00:00,2016-08-01 18:20:00)",94.01
B,3,"[2016-08-01 18:20:00,2016-08-01 18:40:00)",124.94
B,3,"[2016-08-01 18:40:00,2016-08-01 19:00:00)",210.95
B,3,"[2016-08-02 08:00:00,2016-08-02 08:20:00)",219.25
B,3,"[2016-08-02 08:20:00,2016-08-02 08:40:00)",146.75
B,3,"[2016-08-02 08:40:00,2016-08-02 09:00:00)",260.24
B,3,"[2016-08-02 09:00:00,2016-08-02 09:20:00)",189.84
B,3,"[2016-08-02 09:20:00,2016-08-02 09:40:00)",145.1
B,3,"[2016-08-02 09:40:00,2016-08-02 10:00:00)",163.99
B,3,"[2016-08-02 17:00:00,2016-08-02 17:20:00)",112.08
B,3,"[2016-08-02 17:20:00,2016-08-02 17:40:00)",103.24
B,3,"[2016-08-02 17:40:00,2016-08-02 18:00:00)",101.12
B,3,"[2016-08-02 18:00:00,2016-08-02 18:20:00)",103.11
B,3,"[2016-08-02 18:20:00,2016-08-02 18:40:00)",117.04
B,3,"[2016-08-02 18:40:00,2016-08-02 19:00:00)",77.72
B,3,"[2016-08-03 08:00:00,2016-08-03 08:20:00)",178.64
B,3,"[2016-08-03 08:20:00,2016-08-03 08:40:00)",92.06
B,3,"[2016-08-03 08:40:00,2016-08-03 09:00:00)",172.28
B,3,"[2016-08-03 09:00:00,2016-08-03 09:20:00)",220.51
B,3,"[2016-08-03 09:20:00,2016-08-03 09:40:00)",164.1
B,3,"[2016-08-03 09:40:00,2016-08-03 10:00:00)",123.46
B,3,"[2016-08-03 17:00:00,2016-08-03 17:20:00)",150.54
B,3,"[2016-08-03 17:20:00,2016-08-03 17:40:00)",163.06
B,3,"[2016-08-03 17:40:00,2016-08-03 18:00:00)",152.45
B,3,"[2016-08-03 18:00:00,2016-08-03 18:20:00)",147.35
B,3,"[2016-08-03 18:20:00,2016-08-03 18:40:00)",150.52
B,3,"[2016-08-03 18:40:00,2016-08-03 19:00:00)",113.13
B,3,"[2016-08-04 08:00:00,2016-08-04 08:20:00)",191.31
B,3,"[2016-08-04 08:20:00,2016-08-04 08:40:00)",246
B,3,"[2016-08-04 08:40:00,2016-08-04 09:00:00)",168.49
B,3,"[2016-08-04 09:00:00,2016-08-04 09:20:00)",211.97
B,3,"[2016-08-04 09:20:00,2016-08-04 09:40:00)",142.24
B,3,"[2016-08-04 09:40:00,2016-08-04 10:00:00)",158.4
B,3,"[2016-08-04 17:00:00,2016-08-04 17:20:00)",160.68
B,3,"[2016-08-04 17:20:00,2016-08-04 17:40:00)",146.64
B,3,"[2016-08-04 17:40:00,2016-08-04 18:00:00)",131.08
B,3,"[2016-08-04 18:00:00,2016-08-04 18:20:00)",159.86
B,3,"[2016-08-04 18:20:00,2016-08-04 18:40:00)",145.69
B,3,"[2016-08-04 18:40:00,2016-08-04 19:00:00)",141.7
B,3,"[2016-08-05 08:00:00,2016-08-05 08:20:00)",147
B,3,"[2016-08-05 08:20:00,2016-08-05 08:40:00)",135.57
B,3,"[2016-08-05 08:40:00,2016-08-05 09:00:00)",192.48
B,3,"[2016-08-05 09:00:00,2016-08-05 09:20:00)",162.9
B,3,"[2016-08-05 09:20:00,2016-08-05 09:40:00)",215.33
B,3,"[2016-08-05 09:40:00,2016-08-05 10:00:00)",130.62
B,3,"[2016-08-05 17:00:00,2016-08-05 17:20:00)",126.18
B,3,"[2016-08-05 17:20:00,2016-08-05 17:40:00)",172.39
B,3,"[2016-08-05 17:40:00,2016-08-05 18:00:00)",115.64
B,3,"[2016-08-05 18:00:00,2016-08-05 18:20:00)",129.59
B,3,"[2016-08-05 18:20:00,2016-08-05 18:40:00)",86.28
B,3,"[2016-08-05 18:40:00,2016-08-05 19:00:00)",193.06
B,3,"[2016-08-06 08:00:00,2016-08-06 08:20:00)",67.88
B,3,"[2016-08-06 08:20:00,2016-08-06 08:40:00)",95.86
B,3,"[2016-08-06 08:40:00,2016-08-06 09:00:00)",140.33
B,3,"[2016-08-06 09:00:00,2016-08-06 09:20:00)",213.04
B,3,"[2016-08-06 09:20:00,2016-08-06 09:40:00)",131.84
B,3,"[2016-08-06 09:40:00,2016-08-06 10:00:00)",134.405
B,3,"[2016-08-06 17:00:00,2016-08-06 17:20:00)",167.59
B,3,"[2016-08-06 17:20:00,2016-08-06 17:40:00)",207.23
B,3,"[2016-08-06 17:40:00,2016-08-06 18:00:00)",128.17
B,3,"[2016-08-06 18:00:00,2016-08-06 18:20:00)",100.28
B,3,"[2016-08-06 18:20:00,2016-08-06 18:40:00)",97.78
B,3,"[2016-08-06 18:40:00,2016-08-06 19:00:00)",111.53
B,3,"[2016-08-07 08:00:00,2016-08-07 08:20:00)",125.5
B,3,"[2016-08-07 08:20:00,2016-08-07 08:40:00)",87.16
B,3,"[2016-08-07 08:40:00,2016-08-07 09:00:00)",157.06
B,3,"[2016-08-07 09:00:00,2016-08-07 09:20:00)",120.87
B,3,"[2016-08-07 09:20:00,2016-08-07 09:40:00)",267.27
B,3,"[2016-08-07 09:40:00,2016-08-07 10:00:00)",133.51
B,3,"[2016-08-07 17:00:00,2016-08-07 17:20:00)",225.49
B,3,"[2016-08-07 17:20:00,2016-08-07 17:40:00)",143.92
B,3,"[2016-08-07 17:40:00,2016-08-07 18:00:00)",116.48
B,3,"[2016-08-07 18:00:00,2016-08-07 18:20:00)",158.23
B,3,"[2016-08-07 18:20:00,2016-08-07 18:40:00)",173.17
B,3,"[2016-08-07 18:40:00,2016-08-07 19:00:00)",95.96
B,3,"[2016-08-08 08:00:00,2016-08-08 08:20:00)",109.75
B,3,"[2016-08-08 08:20:00,2016-08-08 08:40:00)",189.27
B,3,"[2016-08-08 08:40:00,2016-08-08 09:00:00)",139.98
B,3,"[2016-08-08 09:00:00,2016-08-08 09:20:00)",144.61
B,3,"[2016-08-08 09:20:00,2016-08-08 09:40:00)",173.48
B,3,"[2016-08-08 09:40:00,2016-08-08 10:00:00)",167.13
B,3,"[2016-08-08 17:00:00,2016-08-08 17:20:00)",165.84
B,3,"[2016-08-08 17:20:00,2016-08-08 17:40:00)",110.8
B,3,"[2016-08-08 17:40:00,2016-08-08 18:00:00)",136.16
B,3,"[2016-08-08 18:00:00,2016-08-08 18:20:00)",102.4
B,3,"[2016-08-08 18:20:00,2016-08-08 18:40:00)",112.23
B,3,"[2016-08-08 18:40:00,2016-08-08 19:00:00)",196.045
B,3,"[2016-08-09 08:00:00,2016-08-09 08:20:00)",106.87
B,3,"[2016-08-09 08:20:00,2016-08-09 08:40:00)",80.36
B,3,"[2016-08-09 08:40:00,2016-08-09 09:00:00)",209.095
B,3,"[2016-08-09 09:00:00,2016-08-09 09:20:00)",153.55
B,3,"[2016-08-09 09:20:00,2016-08-09 09:40:00)",171.2
B,3,"[2016-08-09 09:40:00,2016-08-09 10:00:00)",142.52
B,3,"[2016-08-09 17:00:00,2016-08-09 17:20:00)",141.96
B,3,"[2016-08-09 17:20:00,2016-08-09 17:40:00)",180.52
B,3,"[2016-08-09 17:40:00,2016-08-09 18:00:00)",107.07
B,3,"[2016-08-09 18:00:00,2016-08-09 18:20:00)",73.61
B,3,"[2016-08-09 18:20:00,2016-08-09 18:40:00)",111.02
B,3,"[2016-08-09 18:40:00,2016-08-09 19:00:00)",114.42
B,3,"[2016-08-10 08:00:00,2016-08-10 08:20:00)",125.575
B,3,"[2016-08-10 08:20:00,2016-08-10 08:40:00)",128.34
B,3,"[2016-08-10 08:40:00,2016-08-10 09:00:00)",114.91
B,3,"[2016-08-10 09:00:00,2016-08-10 09:20:00)",211.3
B,3,"[2016-08-10 09:20:00,2016-08-10 09:40:00)",163.06
B,3,"[2016-08-10 09:40:00,2016-08-10 10:00:00)",140.11
B,3,"[2016-08-10 17:00:00,2016-08-10 17:20:00)",128.36
B,3,"[2016-08-10 17:20:00,2016-08-10 17:40:00)",149.24
B,3,"[2016-08-10 17:40:00,2016-08-10 18:00:00)",88.78
B,3,"[2016-08-10 18:00:00,2016-08-10 18:20:00)",171.81
B,3,"[2016-08-10 18:20:00,2016-08-10 18:40:00)",129.82
B,3,"[2016-08-10 18:40:00,2016-08-10 19:00:00)",120.59
B,3,"[2016-08-11 08:00:00,2016-08-11 08:20:00)",38.5
B,3,"[2016-08-11 08:20:00,2016-08-11 08:40:00)",168.37
B,3,"[2016-08-11 08:40:00,2016-08-11 09:00:00)",252.98
B,3,"[2016-08-11 09:00:00,2016-08-11 09:20:00)",292.68
B,3,"[2016-08-11 09:20:00,2016-08-11 09:40:00)",277.6
B,3,"[2016-08-11 09:40:00,2016-08-11 10:00:00)",194.14
B,3,"[2016-08-11 17:00:00,2016-08-11 17:20:00)",128.62
B,3,"[2016-08-11 17:20:00,2016-08-11 17:40:00)",97.6
B,3,"[2016-08-11 17:40:00,2016-08-11 18:00:00)",123.82
B,3,"[2016-08-11 18:00:00,2016-08-11 18:20:00)",140.03
B,3,"[2016-08-11 18:20:00,2016-08-11 18:40:00)",131.22
B,3,"[2016-08-11 18:40:00,2016-08-11 19:00:00)",100.47
B,3,"[2016-08-12 08:00:00,2016-08-12 08:20:00)",100.23
B,3,"[2016-08-12 08:20:00,2016-08-12 08:40:00)",141.07
B,3,"[2016-08-12 08:40:00,2016-08-12 09:00:00)",141.12
B,3,"[2016-08-12 09:00:00,2016-08-12 09:20:00)",202.96
B,3,"[2016-08-12 09:20:00,2016-08-12 09:40:00)",177.74
B,3,"[2016-08-12 09:40:00,2016-08-12 10:00:00)",156.12
B,3,"[2016-08-12 17:00:00,2016-08-12 17:20:00)",133.53
B,3,"[2016-08-12 17:20:00,2016-08-12 17:40:00)",115.53
B,3,"[2016-08-12 17:40:00,2016-08-12 18:00:00)",188.74
B,3,"[2016-08-12 18:00:00,2016-08-12 18:20:00)",168.61
B,3,"[2016-08-12 18:20:00,2016-08-12 18:40:00)",126.78
B,3,"[2016-08-12 18:40:00,2016-08-12 19:00:00)",179.79
B,3,"[2016-08-13 08:00:00,2016-08-13 08:20:00)",92.87
B,3,"[2016-08-13 08:20:00,2016-08-13 08:40:00)",167.59
B,3,"[2016-08-13 08:40:00,2016-08-13 09:00:00)",147.17
B,3,"[2016-08-13 09:00:00,2016-08-13 09:20:00)",177.41
B,3,"[2016-08-13 09:20:00,2016-08-13 09:40:00)",111.88
B,3,"[2016-08-13 09:40:00,2016-08-13 10:00:00)",134.405
B,3,"[2016-08-13 17:00:00,2016-08-13 17:20:00)",111.96
B,3,"[2016-08-13 17:20:00,2016-08-13 17:40:00)",135.205
B,3,"[2016-08-13 17:40:00,2016-08-13 18:00:00)",128.74
B,3,"[2016-08-13 18:00:00,2016-08-13 18:20:00)",112.59
B,3,"[2016-08-13 18:20:00,2016-08-13 18:40:00)",129.5
B,3,"[2016-08-13 18:40:00,2016-08-13 19:00:00)",168.11
B,3,"[2016-08-14 08:00:00,2016-08-14 08:20:00)",134.52
B,3,"[2016-08-14 08:20:00,2016-08-14 08:40:00)",94.59
B,3,"[2016-08-14 08:40:00,2016-08-14 09:00:00)",132.1
B,3,"[2016-08-14 09:00:00,2016-08-14 09:20:00)",176
B,3,"[2016-08-14 09:20:00,2016-08-14 09:40:00)",159.14
B,3,"[2016-08-14 09:40:00,2016-08-14 10:00:00)",103.79
B,3,"[2016-08-14 17:00:00,2016-08-14 17:20:00)",211.92
B,3,"[2016-08-14 17:20:00,2016-08-14 17:40:00)",120.435
B,3,"[2016-08-14 17:40:00,2016-08-14 18:00:00)",124.08
B,3,"[2016-08-14 18:00:00,2016-08-14 18:20:00)",145.51
B,3,"[2016-08-14 18:20:00,2016-08-14 18:40:00)",111.22
B,3,"[2016-08-14 18:40:00,2016-08-14 19:00:00)",110.92
B,3,"[2016-08-15 08:00:00,2016-08-15 08:20:00)",184.77
B,3,"[2016-08-15 08:20:00,2016-08-15 08:40:00)",103.36
B,3,"[2016-08-15 08:40:00,2016-08-15 09:00:00)",156.33
B,3,"[2016-08-15 09:00:00,2016-08-15 09:20:00)",96.69
B,3,"[2016-08-15 09:20:00,2016-08-15 09:40:00)",155.99
B,3,"[2016-08-15 09:40:00,2016-08-15 10:00:00)",166.12
B,3,"[2016-08-15 17:00:00,2016-08-15 17:20:00)",189.76
B,3,"[2016-08-15 17:20:00,2016-08-15 17:40:00)",101.3
B,3,"[2016-08-15 17:40:00,2016-08-15 18:00:00)",108.04
B,3,"[2016-08-15 18:00:00,2016-08-15 18:20:00)",110.79
B,3,"[2016-08-15 18:20:00,2016-08-15 18:40:00)",108.76
B,3,"[2016-08-15 18:40:00,2016-08-15 19:00:00)",181.14
B,3,"[2016-08-16 08:00:00,2016-08-16 08:20:00)",100.02
B,3,"[2016-08-16 08:20:00,2016-08-16 08:40:00)",136.83
B,3,"[2016-08-16 08:40:00,2016-08-16 09:00:00)",157.95
B,3,"[2016-08-16 09:00:00,2016-08-16 09:20:00)",258.02
B,3,"[2016-08-16 09:20:00,2016-08-16 09:40:00)",197.3
B,3,"[2016-08-16 09:40:00,2016-08-16 10:00:00)",127.91
B,3,"[2016-08-16 17:00:00,2016-08-16 17:20:00)",144.875
B,3,"[2016-08-16 17:20:00,2016-08-16 17:40:00)",151.79
B,3,"[2016-08-16 17:40:00,2016-08-16 18:00:00)",167.89
B,3,"[2016-08-16 18:00:00,2016-08-16 18:20:00)",98.8
B,3,"[2016-08-16 18:20:00,2016-08-16 18:40:00)",111.7
B,3,"[2016-08-16 18:40:00,2016-08-16 19:00:00)",97.95
B,3,"[2016-08-17 08:00:00,2016-08-17 08:20:00)",125.575
B,3,"[2016-08-17 08:20:00,2016-08-17 08:40:00)",164.62
B,3,"[2016-08-17 08:40:00,2016-08-17 09:00:00)",251.38
B,3,"[2016-08-17 09:00:00,2016-08-17 09:20:00)",202.09
B,3,"[2016-08-17 09:20:00,2016-08-17 09:40:00)",155.43
B,3,"[2016-08-17 09:40:00,2016-08-17 10:00:00)",143.85
B,3,"[2016-08-17 17:00:00,2016-08-17 17:20:00)",76.44
B,3,"[2016-08-17 17:20:00,2016-08-17 17:40:00)",77.33
B,3,"[2016-08-17 17:40:00,2016-08-17 18:00:00)",91.16
B,3,"[2016-08-17 18:00:00,2016-08-17 18:20:00)",116.99
B,3,"[2016-08-17 18:20:00,2016-08-17 18:40:00)",125.05
B,3,"[2016-08-17 18:40:00,2016-08-17 19:00:00)",83.23
B,3,"[2016-08-18 08:00:00,2016-08-18 08:20:00)",112.72
B,3,"[2016-08-18 08:20:00,2016-08-18 08:40:00)",116.23
B,3,"[2016-08-18 08:40:00,2016-08-18 09:00:00)",86.87
B,3,"[2016-08-18 09:00:00,2016-08-18 09:20:00)",199.38
B,3,"[2016-08-18 09:20:00,2016-08-18 09:40:00)",164.66
B,3,"[2016-08-18 09:40:00,2016-08-18 10:00:00)",135.4
B,3,"[2016-08-18 17:00:00,2016-08-18 17:20:00)",104.18
B,3,"[2016-08-18 17:20:00,2016-08-18 17:40:00)",105.44
B,3,"[2016-08-18 17:40:00,2016-08-18 18:00:00)",71.04
B,3,"[2016-08-18 18:00:00,2016-08-18 18:20:00)",107.88
B,3,"[2016-08-18 18:20:00,2016-08-18 18:40:00)",89.59
B,3,"[2016-08-18 18:40:00,2016-08-18 19:00:00)",89.17
B,3,"[2016-08-19 08:00:00,2016-08-19 08:20:00)",126.06
B,3,"[2016-08-19 08:20:00,2016-08-19 08:40:00)",87.38
B,3,"[2016-08-19 08:40:00,2016-08-19 09:00:00)",166.98
B,3,"[2016-08-19 09:00:00,2016-08-19 09:20:00)",170.79
B,3,"[2016-08-19 09:20:00,2016-08-19 09:40:00)",277.94
B,3,"[2016-08-19 09:40:00,2016-08-19 10:00:00)",86.21
B,3,"[2016-08-19 17:00:00,2016-08-19 17:20:00)",120.31
B,3,"[2016-08-19 17:20:00,2016-08-19 17:40:00)",114.59
B,3,"[2016-08-19 17:40:00,2016-08-19 18:00:00)",176.99
B,3,"[2016-08-19 18:00:00,2016-08-19 18:20:00)",102.96
B,3,"[2016-08-19 18:20:00,2016-08-19 18:40:00)",95.25
B,3,"[2016-08-19 18:40:00,2016-08-19 19:00:00)",68.8
B,3,"[2016-08-20 08:00:00,2016-08-20 08:20:00)",102.73
B,3,"[2016-08-20 08:20:00,2016-08-20 08:40:00)",108.83
B,3,"[2016-08-20 08:40:00,2016-08-20 09:00:00)",106.29
B,3,"[2016-08-20 09:00:00,2016-08-20 09:20:00)",75.31
B,3,"[2016-08-20 09:20:00,2016-08-20 09:40:00)",91.92
B,3,"[2016-08-20 09:40:00,2016-08-20 10:00:00)",119.09
B,3,"[2016-08-20 17:00:00,2016-08-20 17:20:00)",91.645
B,3,"[2016-08-20 17:20:00,2016-08-20 17:40:00)",63.18
B,3,"[2016-08-20 17:40:00,2016-08-20 18:00:00)",105.85
B,3,"[2016-08-20 18:00:00,2016-08-20 18:20:00)",114.78
B,3,"[2016-08-20 18:20:00,2016-08-20 18:40:00)",73.53
B,3,"[2016-08-20 18:40:00,2016-08-20 19:00:00)",88.79
B,3,"[2016-08-21 08:00:00,2016-08-21 08:20:00)",99.31
B,3,"[2016-08-21 08:20:00,2016-08-21 08:40:00)",93.5
B,3,"[2016-08-21 08:40:00,2016-08-21 09:00:00)",73.77
B,3,"[2016-08-21 09:00:00,2016-08-21 09:20:00)",151.765
B,3,"[2016-08-21 09:20:00,2016-08-21 09:40:00)",113.51
B,3,"[2016-08-21 09:40:00,2016-08-21 10:00:00)",74.07
B,3,"[2016-08-21 17:00:00,2016-08-21 17:20:00)",23.51
B,3,"[2016-08-21 17:20:00,2016-08-21 17:40:00)",96.95
B,3,"[2016-08-21 17:40:00,2016-08-21 18:00:00)",87.27
B,3,"[2016-08-21 18:00:00,2016-08-21 18:20:00)",44.34
B,3,"[2016-08-21 18:20:00,2016-08-21 18:40:00)",96.41
B,3,"[2016-08-21 18:40:00,2016-08-21 19:00:00)",62.62
B,3,"[2016-08-22 08:00:00,2016-08-22 08:20:00)",140.57
B,3,"[2016-08-22 08:20:00,2016-08-22 08:40:00)",151.05
B,3,"[2016-08-22 08:40:00,2016-08-22 09:00:00)",165.69
B,3,"[2016-08-22 09:00:00,2016-08-22 09:20:00)",171.16
B,3,"[2016-08-22 09:20:00,2016-08-22 09:40:00)",164
B,3,"[2016-08-22 09:40:00,2016-08-22 10:00:00)",137.31
B,3,"[2016-08-22 17:00:00,2016-08-22 17:20:00)",128.96
B,3,"[2016-08-22 17:20:00,2016-08-22 17:40:00)",58.47
B,3,"[2016-08-22 17:40:00,2016-08-22 18:00:00)",74.69
B,3,"[2016-08-22 18:00:00,2016-08-22 18:20:00)",94.03
B,3,"[2016-08-22 18:20:00,2016-08-22 18:40:00)",91.77
B,3,"[2016-08-22 18:40:00,2016-08-22 19:00:00)",134.715
B,3,"[2016-08-23 08:00:00,2016-08-23 08:20:00)",130
B,3,"[2016-08-23 08:20:00,2016-08-23 08:40:00)",116.95
B,3,"[2016-08-23 08:40:00,2016-08-23 09:00:00)",63.07
B,3,"[2016-08-23 09:00:00,2016-08-23 09:20:00)",117.62
B,3,"[2016-08-23 09:20:00,2016-08-23 09:40:00)",91.24
B,3,"[2016-08-23 09:40:00,2016-08-23 10:00:00)",87.73
B,3,"[2016-08-23 17:00:00,2016-08-23 17:20:00)",147.79
B,3,"[2016-08-23 17:20:00,2016-08-23 17:40:00)",122.04
B,3,"[2016-08-23 17:40:00,2016-08-23 18:00:00)",121.94
B,3,"[2016-08-23 18:00:00,2016-08-23 18:20:00)",157.72
B,3,"[2016-08-23 18:20:00,2016-08-23 18:40:00)",49.24
B,3,"[2016-08-23 18:40:00,2016-08-23 19:00:00)",87.92
B,3,"[2016-08-24 08:00:00,2016-08-24 08:20:00)",72.51
B,3,"[2016-08-24 08:20:00,2016-08-24 08:40:00)",118.13
B,3,"[2016-08-24 08:40:00,2016-08-24 09:00:00)",97.13
B,3,"[2016-08-24 09:00:00,2016-08-24 09:20:00)",98.13
B,3,"[2016-08-24 09:20:00,2016-08-24 09:40:00)",115.86
B,3,"[2016-08-24 09:40:00,2016-08-24 10:00:00)",104.5
B,3,"[2016-08-24 17:00:00,2016-08-24 17:20:00)",108.85
B,3,"[2016-08-24 17:20:00,2016-08-24 17:40:00)",132.53
B,3,"[2016-08-24 17:40:00,2016-08-24 18:00:00)",107.98
B,3,"[2016-08-24 18:00:00,2016-08-24 18:20:00)",88.37
B,3,"[2016-08-24 18:20:00,2016-08-24 18:40:00)",74.11
B,3,"[2016-08-24 18:40:00,2016-08-24 19:00:00)",87.45
B,3,"[2016-08-25 08:00:00,2016-08-25 08:20:00)",98.88
B,3,"[2016-08-25 08:20:00,2016-08-25 08:40:00)",88.98
B,3,"[2016-08-25 08:40:00,2016-08-25 09:00:00)",96.84
B,3,"[2016-08-25 09:00:00,2016-08-25 09:20:00)",118.83
B,3,"[2016-08-25 09:20:00,2016-08-25 09:40:00)",93.63
B,3,"[2016-08-25 09:40:00,2016-08-25 10:00:00)",62.15
B,3,"[2016-08-25 17:00:00,2016-08-25 17:20:00)",96.49
B,3,"[2016-08-25 17:20:00,2016-08-25 17:40:00)",102.035
B,3,"[2016-08-25 17:40:00,2016-08-25 18:00:00)",61.11
B,3,"[2016-08-25 18:00:00,2016-08-25 18:20:00)",107.505
B,3,"[2016-08-25 18:20:00,2016-08-25 18:40:00)",103.18
B,3,"[2016-08-25 18:40:00,2016-08-25 19:00:00)",108.18
B,3,"[2016-08-26 08:00:00,2016-08-26 08:20:00)",104.01
B,3,"[2016-08-26 08:20:00,2016-08-26 08:40:00)",85.58
B,3,"[2016-08-26 08:40:00,2016-08-26 09:00:00)",106.89
B,3,"[2016-08-26 09:00:00,2016-08-26 09:20:00)",126.08
B,3,"[2016-08-26 09:20:00,2016-08-26 09:40:00)",174.46
B,3,"[2016-08-26 09:40:00,2016-08-26 10:00:00)",109.84
B,3,"[2016-08-26 17:00:00,2016-08-26 17:20:00)",71.15
B,3,"[2016-08-26 17:20:00,2016-08-26 17:40:00)",66.46
B,3,"[2016-08-26 17:40:00,2016-08-26 18:00:00)",152.99
B,3,"[2016-08-26 18:00:00,2016-08-26 18:20:00)",83.02
B,3,"[2016-08-26 18:20:00,2016-08-26 18:40:00)",73.2
B,3,"[2016-08-26 18:40:00,2016-08-26 19:00:00)",96.645
B,3,"[2016-08-27 08:00:00,2016-08-27 08:20:00)",98.36
B,3,"[2016-08-27 08:20:00,2016-08-27 08:40:00)",75.53
B,3,"[2016-08-27 08:40:00,2016-08-27 09:00:00)",98.725
B,3,"[2016-08-27 09:00:00,2016-08-27 09:20:00)",102.32
B,3,"[2016-08-27 09:20:00,2016-08-27 09:40:00)",102.54
B,3,"[2016-08-27 09:40:00,2016-08-27 10:00:00)",65.89
B,3,"[2016-08-27 17:00:00,2016-08-27 17:20:00)",71.33
B,3,"[2016-08-27 17:20:00,2016-08-27 17:40:00)",53.64
B,3,"[2016-08-27 17:40:00,2016-08-27 18:00:00)",139.79
B,3,"[2016-08-27 18:00:00,2016-08-27 18:20:00)",140.68
B,3,"[2016-08-27 18:20:00,2016-08-27 18:40:00)",88.12
B,3,"[2016-08-27 18:40:00,2016-08-27 19:00:00)",85.59
B,3,"[2016-08-28 08:00:00,2016-08-28 08:20:00)",119.37
B,3,"[2016-08-28 08:20:00,2016-08-28 08:40:00)",99.69
B,3,"[2016-08-28 08:40:00,2016-08-28 09:00:00)",173.59
B,3,"[2016-08-28 09:00:00,2016-08-28 09:20:00)",127.53
B,3,"[2016-08-28 09:20:00,2016-08-28 09:40:00)",105.53
B,3,"[2016-08-28 09:40:00,2016-08-28 10:00:00)",54.58
B,3,"[2016-08-28 17:00:00,2016-08-28 17:20:00)",40.67
B,3,"[2016-08-28 17:20:00,2016-08-28 17:40:00)",105.905
B,3,"[2016-08-28 17:40:00,2016-08-28 18:00:00)",75.56
B,3,"[2016-08-28 18:00:00,2016-08-28 18:20:00)",56.77
B,3,"[2016-08-28 18:20:00,2016-08-28 18:40:00)",133.9
B,3,"[2016-08-28 18:40:00,2016-08-28 19:00:00)",136.255
B,3,"[2016-08-29 08:00:00,2016-08-29 08:20:00)",91.49
B,3,"[2016-08-29 08:20:00,2016-08-29 08:40:00)",99.815
B,3,"[2016-08-29 08:40:00,2016-08-29 09:00:00)",126.48
B,3,"[2016-08-29 09:00:00,2016-08-29 09:20:00)",114.425
B,3,"[2016-08-29 09:20:00,2016-08-29 09:40:00)",129.46
B,3,"[2016-08-29 09:40:00,2016-08-29 10:00:00)",118.98
B,3,"[2016-08-29 17:00:00,2016-08-29 17:20:00)",127.055
B,3,"[2016-08-29 17:20:00,2016-08-29 17:40:00)",94.16
B,3,"[2016-08-29 17:40:00,2016-08-29 18:00:00)",93.15
B,3,"[2016-08-29 18:00:00,2016-08-29 18:20:00)",92.02
B,3,"[2016-08-29 18:20:00,2016-08-29 18:40:00)",107.09
B,3,"[2016-08-29 18:40:00,2016-08-29 19:00:00)",134.715
B,3,"[2016-08-30 08:00:00,2016-08-30 08:20:00)",65.82
B,3,"[2016-08-30 08:20:00,2016-08-30 08:40:00)",93.61
B,3,"[2016-08-30 08:40:00,2016-08-30 09:00:00)",88.42
B,3,"[2016-08-30 09:00:00,2016-08-30 09:20:00)",80.075
B,3,"[2016-08-30 09:20:00,2016-08-30 09:40:00)",135.71
B,3,"[2016-08-30 09:40:00,2016-08-30 10:00:00)",52.27
B,3,"[2016-08-30 17:00:00,2016-08-30 17:20:00)",116.8
B,3,"[2016-08-30 17:20:00,2016-08-30 17:40:00)",117.745
B,3,"[2016-08-30 17:40:00,2016-08-30 18:00:00)",121.22
B,3,"[2016-08-30 18:00:00,2016-08-30 18:20:00)",66.56
B,3,"[2016-08-30 18:20:00,2016-08-30 18:40:00)",137.98
B,3,"[2016-08-30 18:40:00,2016-08-30 19:00:00)",105.38
B,3,"[2016-08-31 08:00:00,2016-08-31 08:20:00)",93.52
B,3,"[2016-08-31 08:20:00,2016-08-31 08:40:00)",99.63
B,3,"[2016-08-31 08:40:00,2016-08-31 09:00:00)",84.19
B,3,"[2016-08-31 09:00:00,2016-08-31 09:20:00)",132.21
B,3,"[2016-08-31 09:20:00,2016-08-31 09:40:00)",76.29
B,3,"[2016-08-31 09:40:00,2016-08-31 10:00:00)",113.555
B,3,"[2016-08-31 17:00:00,2016-08-31 17:20:00)",97.675
B,3,"[2016-08-31 17:20:00,2016-08-31 17:40:00)",75.98
B,3,"[2016-08-31 17:40:00,2016-08-31 18:00:00)",93.42
B,3,"[2016-08-31 18:00:00,2016-08-31 18:20:00)",106.05
B,3,"[2016-08-31 18:20:00,2016-08-31 18:40:00)",85.66
B,3,"[2016-08-31 18:40:00,2016-08-31 19:00:00)",164.82
B,3,"[2016-09-01 08:00:00,2016-09-01 08:20:00)",95.61
B,3,"[2016-09-01 08:20:00,2016-09-01 08:40:00)",120.19
B,3,"[2016-09-01 08:40:00,2016-09-01 09:00:00)",101.49
B,3,"[2016-09-01 09:00:00,2016-09-01 09:20:00)",77.55
B,3,"[2016-09-01 09:20:00,2016-09-01 09:40:00)",112.82
B,3,"[2016-09-01 09:40:00,2016-09-01 10:00:00)",108.65
B,3,"[2016-09-01 17:00:00,2016-09-01 17:20:00)",110.72
B,3,"[2016-09-01 17:20:00,2016-09-01 17:40:00)",102.035
B,3,"[2016-09-01 17:40:00,2016-09-01 18:00:00)",67.98
B,3,"[2016-09-01 18:00:00,2016-09-01 18:20:00)",107.13
B,3,"[2016-09-01 18:20:00,2016-09-01 18:40:00)",122.72
B,3,"[2016-09-01 18:40:00,2016-09-01 19:00:00)",101.06
B,3,"[2016-09-02 08:00:00,2016-09-02 08:20:00)",86.88
B,3,"[2016-09-02 08:20:00,2016-09-02 08:40:00)",105.63
B,3,"[2016-09-02 08:40:00,2016-09-02 09:00:00)",134.51
B,3,"[2016-09-02 09:00:00,2016-09-02 09:20:00)",133.275
B,3,"[2016-09-02 09:20:00,2016-09-02 09:40:00)",70.98
B,3,"[2016-09-02 09:40:00,2016-09-02 10:00:00)",90.4
B,3,"[2016-09-02 17:00:00,2016-09-02 17:20:00)",72.21
B,3,"[2016-09-02 17:20:00,2016-09-02 17:40:00)",80.56
B,3,"[2016-09-02 17:40:00,2016-09-02 18:00:00)",113.83
B,3,"[2016-09-02 18:00:00,2016-09-02 18:20:00)",111.27
B,3,"[2016-09-02 18:20:00,2016-09-02 18:40:00)",88.655
B,3,"[2016-09-02 18:40:00,2016-09-02 19:00:00)",124.49
B,3,"[2016-09-03 08:00:00,2016-09-03 08:20:00)",93.99
B,3,"[2016-09-03 08:20:00,2016-09-03 08:40:00)",111.205
B,3,"[2016-09-03 08:40:00,2016-09-03 09:00:00)",91.16
B,3,"[2016-09-03 09:00:00,2016-09-03 09:20:00)",93.85
B,3,"[2016-09-03 09:20:00,2016-09-03 09:40:00)",115.22
B,3,"[2016-09-03 09:40:00,2016-09-03 10:00:00)",88.16
B,3,"[2016-09-03 17:00:00,2016-09-03 17:20:00)",74.39
B,3,"[2016-09-03 17:20:00,2016-09-03 17:40:00)",83.465
B,3,"[2016-09-03 17:40:00,2016-09-03 18:00:00)",93.37
B,3,"[2016-09-03 18:00:00,2016-09-03 18:20:00)",74.91
B,3,"[2016-09-03 18:20:00,2016-09-03 18:40:00)",88.12
B,3,"[2016-09-03 18:40:00,2016-09-03 19:00:00)",113.665
B,3,"[2016-09-04 08:00:00,2016-09-04 08:20:00)",133.63
B,3,"[2016-09-04 08:20:00,2016-09-04 08:40:00)",121.33
B,3,"[2016-09-04 08:40:00,2016-09-04 09:00:00)",67.42
B,3,"[2016-09-04 09:00:00,2016-09-04 09:20:00)",86.1
B,3,"[2016-09-04 09:20:00,2016-09-04 09:40:00)",86.97
B,3,"[2016-09-04 09:40:00,2016-09-04 10:00:00)",86.72
B,3,"[2016-09-04 17:00:00,2016-09-04 17:20:00)",94.79
B,3,"[2016-09-04 17:20:00,2016-09-04 17:40:00)",105.905
B,3,"[2016-09-04 17:40:00,2016-09-04 18:00:00)",49.29
B,3,"[2016-09-04 18:00:00,2016-09-04 18:20:00)",72.22
B,3,"[2016-09-04 18:20:00,2016-09-04 18:40:00)",127.805
B,3,"[2016-09-04 18:40:00,2016-09-04 19:00:00)",136.255
B,3,"[2016-09-05 08:00:00,2016-09-05 08:20:00)",107.29
B,3,"[2016-09-05 08:20:00,2016-09-05 08:40:00)",48.58
B,3,"[2016-09-05 08:40:00,2016-09-05 09:00:00)",87.42
B,3,"[2016-09-05 09:00:00,2016-09-05 09:20:00)",57.69
B,3,"[2016-09-05 09:20:00,2016-09-05 09:40:00)",68.46
B,3,"[2016-09-05 09:40:00,2016-09-05 10:00:00)",72.25
B,3,"[2016-09-05 17:00:00,2016-09-05 17:20:00)",125.15
B,3,"[2016-09-05 17:20:00,2016-09-05 17:40:00)",115.455
B,3,"[2016-09-05 17:40:00,2016-09-05 18:00:00)",87.4
B,3,"[2016-09-05 18:00:00,2016-09-05 18:20:00)",126.14
B,3,"[2016-09-05 18:20:00,2016-09-05 18:40:00)",110.37
B,3,"[2016-09-05 18:40:00,2016-09-05 19:00:00)",88.29
B,3,"[2016-09-06 08:00:00,2016-09-06 08:20:00)",87.88
B,3,"[2016-09-06 08:20:00,2016-09-06 08:40:00)",66.94
B,3,"[2016-09-06 08:40:00,2016-09-06 09:00:00)",73.8
B,3,"[2016-09-06 09:00:00,2016-09-06 09:20:00)",42.53
B,3,"[2016-09-06 09:20:00,2016-09-06 09:40:00)",135.71
B,3,"[2016-09-06 09:40:00,2016-09-06 10:00:00)",121.76
B,3,"[2016-09-06 17:00:00,2016-09-06 17:20:00)",120.995
B,3,"[2016-09-06 17:20:00,2016-09-06 17:40:00)",117.745
B,3,"[2016-09-06 17:40:00,2016-09-06 18:00:00)",120.5
B,3,"[2016-09-06 18:00:00,2016-09-06 18:20:00)",70.66
B,3,"[2016-09-06 18:20:00,2016-09-06 18:40:00)",110.685
B,3,"[2016-09-06 18:40:00,2016-09-06 19:00:00)",65.2
B,3,"[2016-09-07 08:00:00,2016-09-07 08:20:00)",22.82
B,3,"[2016-09-07 08:20:00,2016-09-07 08:40:00)",84.81
B,3,"[2016-09-07 08:40:00,2016-09-07 09:00:00)",101.98
B,3,"[2016-09-07 09:00:00,2016-09-07 09:20:00)",77.84
B,3,"[2016-09-07 09:20:00,2016-09-07 09:40:00)",73.38
B,3,"[2016-09-07 09:40:00,2016-09-07 10:00:00)",122.61
B,3,"[2016-09-07 17:00:00,2016-09-07 17:20:00)",86.5
B,3,"[2016-09-07 17:20:00,2016-09-07 17:40:00)",55.95
B,3,"[2016-09-07 17:40:00,2016-09-07 18:00:00)",78.86
B,3,"[2016-09-07 18:00:00,2016-09-07 18:20:00)",127.975
B,3,"[2016-09-07 18:20:00,2016-09-07 18:40:00)",85.66
B,3,"[2016-09-07 18:40:00,2016-09-07 19:00:00)",75.11
B,3,"[2016-09-08 08:00:00,2016-09-08 08:20:00)",92.34
B,3,"[2016-09-08 08:20:00,2016-09-08 08:40:00)",96.89
B,3,"[2016-09-08 08:40:00,2016-09-08 09:00:00)",113.91
B,3,"[2016-09-08 09:00:00,2016-09-08 09:20:00)",114.08
B,3,"[2016-09-08 09:20:00,2016-09-08 09:40:00)",132.01
B,3,"[2016-09-08 09:40:00,2016-09-08 10:00:00)",110.77
B,3,"[2016-09-08 17:00:00,2016-09-08 17:20:00)",84.88
B,3,"[2016-09-08 17:20:00,2016-09-08 17:40:00)",98.63
B,3,"[2016-09-08 17:40:00,2016-09-08 18:00:00)",74.85
B,3,"[2016-09-08 18:00:00,2016-09-08 18:20:00)",144.06
B,3,"[2016-09-08 18:20:00,2016-09-08 18:40:00)",142.26
B,3,"[2016-09-08 18:40:00,2016-09-08 19:00:00)",106.74
B,3,"[2016-09-09 08:00:00,2016-09-09 08:20:00)",81.14
B,3,"[2016-09-09 08:20:00,2016-09-09 08:40:00)",117.42
B,3,"[2016-09-09 08:40:00,2016-09-09 09:00:00)",134.69
B,3,"[2016-09-09 09:00:00,2016-09-09 09:20:00)",140.47
B,3,"[2016-09-09 09:20:00,2016-09-09 09:40:00)",157
B,3,"[2016-09-09 09:40:00,2016-09-09 10:00:00)",103.59
B,3,"[2016-09-09 17:00:00,2016-09-09 17:20:00)",102.71
B,3,"[2016-09-09 17:20:00,2016-09-09 17:40:00)",102.83
B,3,"[2016-09-09 17:40:00,2016-09-09 18:00:00)",99.9
B,3,"[2016-09-09 18:00:00,2016-09-09 18:20:00)",103.02
B,3,"[2016-09-09 18:20:00,2016-09-09 18:40:00)",104.11
B,3,"[2016-09-09 18:40:00,2016-09-09 19:00:00)",121.67
B,3,"[2016-09-10 08:00:00,2016-09-10 08:20:00)",125.63
B,3,"[2016-09-10 08:20:00,2016-09-10 08:40:00)",146.88
B,3,"[2016-09-10 08:40:00,2016-09-10 09:00:00)",143.21
B,3,"[2016-09-10 09:00:00,2016-09-10 09:20:00)",121.45
B,3,"[2016-09-10 09:20:00,2016-09-10 09:40:00)",140.42
B,3,"[2016-09-10 09:40:00,2016-09-10 10:00:00)",168.52
B,3,"[2016-09-10 17:00:00,2016-09-10 17:20:00)",123.92
B,3,"[2016-09-10 17:20:00,2016-09-10 17:40:00)",113.29
B,3,"[2016-09-10 17:40:00,2016-09-10 18:00:00)",120.8
B,3,"[2016-09-10 18:00:00,2016-09-10 18:20:00)",142.08
B,3,"[2016-09-10 18:20:00,2016-09-10 18:40:00)",102.71
B,3,"[2016-09-10 18:40:00,2016-09-10 19:00:00)",141.74
B,3,"[2016-09-11 08:00:00,2016-09-11 08:20:00)",147.89
B,3,"[2016-09-11 08:20:00,2016-09-11 08:40:00)",142.97
B,3,"[2016-09-11 08:40:00,2016-09-11 09:00:00)",76.64
B,3,"[2016-09-11 09:00:00,2016-09-11 09:20:00)",86.43
B,3,"[2016-09-11 09:20:00,2016-09-11 09:40:00)",126.58
B,3,"[2016-09-11 09:40:00,2016-09-11 10:00:00)",140.93
B,3,"[2016-09-11 17:00:00,2016-09-11 17:20:00)",148.91
B,3,"[2016-09-11 17:20:00,2016-09-11 17:40:00)",114.86
B,3,"[2016-09-11 17:40:00,2016-09-11 18:00:00)",117.28
B,3,"[2016-09-11 18:00:00,2016-09-11 18:20:00)",87.67
B,3,"[2016-09-11 18:20:00,2016-09-11 18:40:00)",121.71
B,3,"[2016-09-11 18:40:00,2016-09-11 19:00:00)",209.89
B,3,"[2016-09-12 08:00:00,2016-09-12 08:20:00)",110.54
B,3,"[2016-09-12 08:20:00,2016-09-12 08:40:00)",106.84
B,3,"[2016-09-12 08:40:00,2016-09-12 09:00:00)",127.01
B,3,"[2016-09-12 09:00:00,2016-09-12 09:20:00)",93.35
B,3,"[2016-09-12 09:20:00,2016-09-12 09:40:00)",199.12
B,3,"[2016-09-12 09:40:00,2016-09-12 10:00:00)",109.82
B,3,"[2016-09-12 17:00:00,2016-09-12 17:20:00)",146.24
B,3,"[2016-09-12 17:20:00,2016-09-12 17:40:00)",136.75
B,3,"[2016-09-12 17:40:00,2016-09-12 18:00:00)",125.93
B,3,"[2016-09-12 18:00:00,2016-09-12 18:20:00)",107.5
B,3,"[2016-09-12 18:20:00,2016-09-12 18:40:00)",113.65
B,3,"[2016-09-12 18:40:00,2016-09-12 19:00:00)",102.9
B,3,"[2016-09-13 08:00:00,2016-09-13 08:20:00)",136.74
B,3,"[2016-09-13 08:20:00,2016-09-13 08:40:00)",79.86
B,3,"[2016-09-13 08:40:00,2016-09-13 09:00:00)",93.52
B,3,"[2016-09-13 09:00:00,2016-09-13 09:20:00)",117.26
B,3,"[2016-09-13 09:20:00,2016-09-13 09:40:00)",180.18
B,3,"[2016-09-13 09:40:00,2016-09-13 10:00:00)",143.81
B,3,"[2016-09-13 17:00:00,2016-09-13 17:20:00)",125.19
B,3,"[2016-09-13 17:20:00,2016-09-13 17:40:00)",113.45
B,3,"[2016-09-13 17:40:00,2016-09-13 18:00:00)",134.11
B,3,"[2016-09-13 18:00:00,2016-09-13 18:20:00)",118.47
B,3,"[2016-09-13 18:20:00,2016-09-13 18:40:00)",83.39
B,3,"[2016-09-13 18:40:00,2016-09-13 19:00:00)",212.3
B,3,"[2016-09-14 08:00:00,2016-09-14 08:20:00)",131
B,3,"[2016-09-14 08:20:00,2016-09-14 08:40:00)",143.71
B,3,"[2016-09-14 08:40:00,2016-09-14 09:00:00)",92.93
B,3,"[2016-09-14 09:00:00,2016-09-14 09:20:00)",107.95
B,3,"[2016-09-14 09:20:00,2016-09-14 09:40:00)",160.17
B,3,"[2016-09-14 09:40:00,2016-09-14 10:00:00)",109.04
B,3,"[2016-09-14 17:00:00,2016-09-14 17:20:00)",135.85
B,3,"[2016-09-14 17:20:00,2016-09-14 17:40:00)",111.36
B,3,"[2016-09-14 17:40:00,2016-09-14 18:00:00)",88.26
B,3,"[2016-09-14 18:00:00,2016-09-14 18:20:00)",149.9
B,3,"[2016-09-14 18:20:00,2016-09-14 18:40:00)",97.21
B,3,"[2016-09-14 18:40:00,2016-09-14 19:00:00)",122.12
B,3,"[2016-09-15 08:00:00,2016-09-15 08:20:00)",74.19
B,3,"[2016-09-15 08:20:00,2016-09-15 08:40:00)",95.75
B,3,"[2016-09-15 08:40:00,2016-09-15 09:00:00)",190.43
B,3,"[2016-09-15 09:00:00,2016-09-15 09:20:00)",95.58
B,3,"[2016-09-15 09:20:00,2016-09-15 09:40:00)",98.77
B,3,"[2016-09-15 09:40:00,2016-09-15 10:00:00)",110.23
B,3,"[2016-09-15 17:00:00,2016-09-15 17:20:00)",94.3
B,3,"[2016-09-15 17:20:00,2016-09-15 17:40:00)",92.12
B,3,"[2016-09-15 17:40:00,2016-09-15 18:00:00)",78.36
B,3,"[2016-09-15 18:00:00,2016-09-15 18:20:00)",68.1
B,3,"[2016-09-15 18:20:00,2016-09-15 18:40:00)",101.1
B,3,"[2016-09-15 18:40:00,2016-09-15 19:00:00)",95.06
B,3,"[2016-09-16 08:00:00,2016-09-16 08:20:00)",141.13
B,3,"[2016-09-16 08:20:00,2016-09-16 08:40:00)",100.33
B,3,"[2016-09-16 08:40:00,2016-09-16 09:00:00)",75.97
B,3,"[2016-09-16 09:00:00,2016-09-16 09:20:00)",106.28
B,3,"[2016-09-16 09:20:00,2016-09-16 09:40:00)",164.8
B,3,"[2016-09-16 09:40:00,2016-09-16 10:00:00)",109.72
B,3,"[2016-09-16 17:00:00,2016-09-16 17:20:00)",104.57
B,3,"[2016-09-16 17:20:00,2016-09-16 17:40:00)",102.09
B,3,"[2016-09-16 17:40:00,2016-09-16 18:00:00)",117.24
B,3,"[2016-09-16 18:00:00,2016-09-16 18:20:00)",94.77
B,3,"[2016-09-16 18:20:00,2016-09-16 18:40:00)",106.71
B,3,"[2016-09-16 18:40:00,2016-09-16 19:00:00)",111.39
B,3,"[2016-09-17 08:00:00,2016-09-17 08:20:00)",101.97
B,3,"[2016-09-17 08:20:00,2016-09-17 08:40:00)",120.36
B,3,"[2016-09-17 08:40:00,2016-09-17 09:00:00)",94.6
B,3,"[2016-09-17 09:00:00,2016-09-17 09:20:00)",72.53
B,3,"[2016-09-17 09:20:00,2016-09-17 09:40:00)",91.55
B,3,"[2016-09-17 09:40:00,2016-09-17 10:00:00)",122.54
B,3,"[2016-09-17 17:00:00,2016-09-17 17:20:00)",132.1
B,3,"[2016-09-17 17:20:00,2016-09-17 17:40:00)",123.78
B,3,"[2016-09-17 17:40:00,2016-09-17 18:00:00)",79.59
B,3,"[2016-09-17 18:00:00,2016-09-17 18:20:00)",110.39
B,3,"[2016-09-17 18:20:00,2016-09-17 18:40:00)",109.26
B,3,"[2016-09-17 18:40:00,2016-09-17 19:00:00)",100.22
B,3,"[2016-09-18 08:00:00,2016-09-18 08:20:00)",120.12
B,3,"[2016-09-18 08:20:00,2016-09-18 08:40:00)",149.82
B,3,"[2016-09-18 08:40:00,2016-09-18 09:00:00)",119.6
B,3,"[2016-09-18 09:00:00,2016-09-18 09:20:00)",105.21
B,3,"[2016-09-18 09:20:00,2016-09-18 09:40:00)",131.01
B,3,"[2016-09-18 09:40:00,2016-09-18 10:00:00)",99.6
B,3,"[2016-09-18 17:00:00,2016-09-18 17:20:00)",93.92
B,3,"[2016-09-18 17:20:00,2016-09-18 17:40:00)",86.39
B,3,"[2016-09-18 17:40:00,2016-09-18 18:00:00)",112.93
B,3,"[2016-09-18 18:00:00,2016-09-18 18:20:00)",98.52
B,3,"[2016-09-18 18:20:00,2016-09-18 18:40:00)",89.7
B,3,"[2016-09-18 18:40:00,2016-09-18 19:00:00)",140.04
B,3,"[2016-09-19 08:00:00,2016-09-19 08:20:00)",116.255
B,3,"[2016-09-19 08:20:00,2016-09-19 08:40:00)",106.68
B,3,"[2016-09-19 08:40:00,2016-09-19 09:00:00)",98.38
B,3,"[2016-09-19 09:00:00,2016-09-19 09:20:00)",116.87
B,3,"[2016-09-19 09:20:00,2016-09-19 09:40:00)",161.05
B,3,"[2016-09-19 09:40:00,2016-09-19 10:00:00)",126.63
B,3,"[2016-09-19 17:00:00,2016-09-19 17:20:00)",106.31
B,3,"[2016-09-19 17:20:00,2016-09-19 17:40:00)",122.26
B,3,"[2016-09-19 17:40:00,2016-09-19 18:00:00)",80.08
B,3,"[2016-09-19 18:00:00,2016-09-19 18:20:00)",82.5
B,3,"[2016-09-19 18:20:00,2016-09-19 18:40:00)",64.01
B,3,"[2016-09-19 18:40:00,2016-09-19 19:00:00)",109.09
B,3,"[2016-09-20 08:00:00,2016-09-20 08:20:00)",126.75
B,3,"[2016-09-20 08:20:00,2016-09-20 08:40:00)",107.9
B,3,"[2016-09-20 08:40:00,2016-09-20 09:00:00)",118.13
B,3,"[2016-09-20 09:00:00,2016-09-20 09:20:00)",151.43
B,3,"[2016-09-20 09:20:00,2016-09-20 09:40:00)",141.31
B,3,"[2016-09-20 09:40:00,2016-09-20 10:00:00)",90.94
B,3,"[2016-09-20 17:00:00,2016-09-20 17:20:00)",106.58
B,3,"[2016-09-20 17:20:00,2016-09-20 17:40:00)",107.88
B,3,"[2016-09-20 17:40:00,2016-09-20 18:00:00)",104.06
B,3,"[2016-09-20 18:00:00,2016-09-20 18:20:00)",113.84
B,3,"[2016-09-20 18:20:00,2016-09-20 18:40:00)",84.24
B,3,"[2016-09-20 18:40:00,2016-09-20 19:00:00)",115.28
B,3,"[2016-09-21 08:00:00,2016-09-21 08:20:00)",151
B,3,"[2016-09-21 08:20:00,2016-09-21 08:40:00)",127.77
B,3,"[2016-09-21 08:40:00,2016-09-21 09:00:00)",169.72
B,3,"[2016-09-21 09:00:00,2016-09-21 09:20:00)",252.82
B,3,"[2016-09-21 09:20:00,2016-09-21 09:40:00)",135.63
B,3,"[2016-09-21 09:40:00,2016-09-21 10:00:00)",117.77
B,3,"[2016-09-21 17:00:00,2016-09-21 17:20:00)",81.4
B,3,"[2016-09-21 17:20:00,2016-09-21 17:40:00)",91.68
B,3,"[2016-09-21 17:40:00,2016-09-21 18:00:00)",92.06
B,3,"[2016-09-21 18:00:00,2016-09-21 18:20:00)",109.19
B,3,"[2016-09-21 18:20:00,2016-09-21 18:40:00)",68.14
B,3,"[2016-09-21 18:40:00,2016-09-21 19:00:00)",128.4
B,3,"[2016-09-22 08:00:00,2016-09-22 08:20:00)",100.55
B,3,"[2016-09-22 08:20:00,2016-09-22 08:40:00)",110.14
B,3,"[2016-09-22 08:40:00,2016-09-22 09:00:00)",112.64
B,3,"[2016-09-22 09:00:00,2016-09-22 09:20:00)",120.44
B,3,"[2016-09-22 09:20:00,2016-09-22 09:40:00)",101.91
B,3,"[2016-09-22 09:40:00,2016-09-22 10:00:00)",134.51
B,3,"[2016-09-22 17:00:00,2016-09-22 17:20:00)",70.61
B,3,"[2016-09-22 17:20:00,2016-09-22 17:40:00)",132.87
B,3,"[2016-09-22 17:40:00,2016-09-22 18:00:00)",137.84
B,3,"[2016-09-22 18:00:00,2016-09-22 18:20:00)",101.47
B,3,"[2016-09-22 18:20:00,2016-09-22 18:40:00)",112.04
B,3,"[2016-09-22 18:40:00,2016-09-22 19:00:00)",122.5
B,3,"[2016-09-23 08:00:00,2016-09-23 08:20:00)",113.02
B,3,"[2016-09-23 08:20:00,2016-09-23 08:40:00)",179.88
B,3,"[2016-09-23 08:40:00,2016-09-23 09:00:00)",193.36
B,3,"[2016-09-23 09:00:00,2016-09-23 09:20:00)",127.58
B,3,"[2016-09-23 09:20:00,2016-09-23 09:40:00)",172.6
B,3,"[2016-09-23 09:40:00,2016-09-23 10:00:00)",94.91
B,3,"[2016-09-23 17:00:00,2016-09-23 17:20:00)",102.36
B,3,"[2016-09-23 17:20:00,2016-09-23 17:40:00)",84.24
B,3,"[2016-09-23 17:40:00,2016-09-23 18:00:00)",101.8
B,3,"[2016-09-23 18:00:00,2016-09-23 18:20:00)",121.1
B,3,"[2016-09-23 18:20:00,2016-09-23 18:40:00)",113.83
B,3,"[2016-09-23 18:40:00,2016-09-23 19:00:00)",152.8
B,3,"[2016-09-24 08:00:00,2016-09-24 08:20:00)",103.21
B,3,"[2016-09-24 08:20:00,2016-09-24 08:40:00)",299.31
B,3,"[2016-09-24 08:40:00,2016-09-24 09:00:00)",117.11
B,3,"[2016-09-24 09:00:00,2016-09-24 09:20:00)",105.63
B,3,"[2016-09-24 09:20:00,2016-09-24 09:40:00)",101.16
B,3,"[2016-09-24 09:40:00,2016-09-24 10:00:00)",107.8
B,3,"[2016-09-24 17:00:00,2016-09-24 17:20:00)",109.69
B,3,"[2016-09-24 17:20:00,2016-09-24 17:40:00)",108.14
B,3,"[2016-09-24 17:40:00,2016-09-24 18:00:00)",94.38
B,3,"[2016-09-24 18:00:00,2016-09-24 18:20:00)",92.1
B,3,"[2016-09-24 18:20:00,2016-09-24 18:40:00)",96.13
B,3,"[2016-09-24 18:40:00,2016-09-24 19:00:00)",92.89
B,3,"[2016-09-25 08:00:00,2016-09-25 08:20:00)",55.53
B,3,"[2016-09-25 08:20:00,2016-09-25 08:40:00)",91.27
B,3,"[2016-09-25 08:40:00,2016-09-25 09:00:00)",98.45
B,3,"[2016-09-25 09:00:00,2016-09-25 09:20:00)",91.9
B,3,"[2016-09-25 09:20:00,2016-09-25 09:40:00)",88.85
B,3,"[2016-09-25 09:40:00,2016-09-25 10:00:00)",77.73
B,3,"[2016-09-25 17:00:00,2016-09-25 17:20:00)",81.49
B,3,"[2016-09-25 17:20:00,2016-09-25 17:40:00)",120.2
B,3,"[2016-09-25 17:40:00,2016-09-25 18:00:00)",107.98
B,3,"[2016-09-25 18:00:00,2016-09-25 18:20:00)",128.58
B,3,"[2016-09-25 18:20:00,2016-09-25 18:40:00)",105.08
B,3,"[2016-09-25 18:40:00,2016-09-25 19:00:00)",110.73
B,3,"[2016-09-26 08:00:00,2016-09-26 08:20:00)",121.97
B,3,"[2016-09-26 08:20:00,2016-09-26 08:40:00)",107.77
B,3,"[2016-09-26 08:40:00,2016-09-26 09:00:00)",100.85
B,3,"[2016-09-26 09:00:00,2016-09-26 09:20:00)",147.62
B,3,"[2016-09-26 09:20:00,2016-09-26 09:40:00)",99.05
B,3,"[2016-09-26 09:40:00,2016-09-26 10:00:00)",76.18
B,3,"[2016-09-26 17:00:00,2016-09-26 17:20:00)",114.31
B,3,"[2016-09-26 17:20:00,2016-09-26 17:40:00)",75.83
B,3,"[2016-09-26 17:40:00,2016-09-26 18:00:00)",133.28
B,3,"[2016-09-26 18:00:00,2016-09-26 18:20:00)",175.05
B,3,"[2016-09-26 18:20:00,2016-09-26 18:40:00)",102.9
B,3,"[2016-09-26 18:40:00,2016-09-26 19:00:00)",119.94
B,3,"[2016-09-27 08:00:00,2016-09-27 08:20:00)",79.88
B,3,"[2016-09-27 08:20:00,2016-09-27 08:40:00)",74.45
B,3,"[2016-09-27 08:40:00,2016-09-27 09:00:00)",99.58
B,3,"[2016-09-27 09:00:00,2016-09-27 09:20:00)",123.24
B,3,"[2016-09-27 09:20:00,2016-09-27 09:40:00)",97.09
B,3,"[2016-09-27 09:40:00,2016-09-27 10:00:00)",112.37
B,3,"[2016-09-27 17:00:00,2016-09-27 17:20:00)",67.6
B,3,"[2016-09-27 17:20:00,2016-09-27 17:40:00)",72.14
B,3,"[2016-09-27 17:40:00,2016-09-27 18:00:00)",78.44
B,3,"[2016-09-27 18:00:00,2016-09-27 18:20:00)",109.21
B,3,"[2016-09-27 18:20:00,2016-09-27 18:40:00)",99.02
B,3,"[2016-09-27 18:40:00,2016-09-27 19:00:00)",85.14
B,3,"[2016-09-28 08:00:00,2016-09-28 08:20:00)",96.99
B,3,"[2016-09-28 08:20:00,2016-09-28 08:40:00)",136.58
B,3,"[2016-09-28 08:40:00,2016-09-28 09:00:00)",99.99
B,3,"[2016-09-28 09:00:00,2016-09-28 09:20:00)",132.97
B,3,"[2016-09-28 09:20:00,2016-09-28 09:40:00)",137.62
B,3,"[2016-09-28 09:40:00,2016-09-28 10:00:00)",88.1
B,3,"[2016-09-28 17:00:00,2016-09-28 17:20:00)",111.17
B,3,"[2016-09-28 17:20:00,2016-09-28 17:40:00)",118.05
B,3,"[2016-09-28 17:40:00,2016-09-28 18:00:00)",85.82
B,3,"[2016-09-28 18:00:00,2016-09-28 18:20:00)",179.1
B,3,"[2016-09-28 18:20:00,2016-09-28 18:40:00)",100.25
B,3,"[2016-09-28 18:40:00,2016-09-28 19:00:00)",123.33
B,3,"[2016-09-29 08:00:00,2016-09-29 08:20:00)",82.11
B,3,"[2016-09-29 08:20:00,2016-09-29 08:40:00)",124.14
B,3,"[2016-09-29 08:40:00,2016-09-29 09:00:00)",177.03
B,3,"[2016-09-29 09:00:00,2016-09-29 09:20:00)",109.06
B,3,"[2016-09-29 09:20:00,2016-09-29 09:40:00)",111.64
B,3,"[2016-09-29 09:40:00,2016-09-29 10:00:00)",107.14
B,3,"[2016-09-29 17:00:00,2016-09-29 17:20:00)",96.58
B,3,"[2016-09-29 17:20:00,2016-09-29 17:40:00)",130.09
B,3,"[2016-09-29 17:40:00,2016-09-29 18:00:00)",122.21
B,3,"[2016-09-29 18:00:00,2016-09-29 18:20:00)",117.02
B,3,"[2016-09-29 18:20:00,2016-09-29 18:40:00)",1498.97
B,3,"[2016-09-29 18:40:00,2016-09-29 19:00:00)",174.26
B,3,"[2016-09-30 08:00:00,2016-09-30 08:20:00)",103.32
B,3,"[2016-09-30 08:20:00,2016-09-30 08:40:00)",89.59
B,3,"[2016-09-30 08:40:00,2016-09-30 09:00:00)",121.16
B,3,"[2016-09-30 09:00:00,2016-09-30 09:20:00)",77.68
B,3,"[2016-09-30 09:20:00,2016-09-30 09:40:00)",97.85
B,3,"[2016-09-30 09:40:00,2016-09-30 10:00:00)",90.24
B,3,"[2016-09-30 17:00:00,2016-09-30 17:20:00)",126.7
B,3,"[2016-09-30 17:20:00,2016-09-30 17:40:00)",132.16
B,3,"[2016-09-30 17:40:00,2016-09-30 18:00:00)",99.94
B,3,"[2016-09-30 18:00:00,2016-09-30 18:20:00)",112.73
B,3,"[2016-09-30 18:20:00,2016-09-30 18:40:00)",107.01
B,3,"[2016-09-30 18:40:00,2016-09-30 19:00:00)",112.29
B,3,"[2016-10-01 08:00:00,2016-10-01 08:20:00)",98.61
B,3,"[2016-10-01 08:20:00,2016-10-01 08:40:00)",75.37
B,3,"[2016-10-01 08:40:00,2016-10-01 09:00:00)",87.06
B,3,"[2016-10-01 09:00:00,2016-10-01 09:20:00)",90.17
B,3,"[2016-10-01 09:20:00,2016-10-01 09:40:00)",71.33
B,3,"[2016-10-01 09:40:00,2016-10-01 10:00:00)",72.37
B,3,"[2016-10-01 17:00:00,2016-10-01 17:20:00)",92.34
B,3,"[2016-10-01 17:20:00,2016-10-01 17:40:00)",100.09
B,3,"[2016-10-01 17:40:00,2016-10-01 18:00:00)",93.49
B,3,"[2016-10-01 18:00:00,2016-10-01 18:20:00)",106.17
B,3,"[2016-10-01 18:20:00,2016-10-01 18:40:00)",59.35
B,3,"[2016-10-01 18:40:00,2016-10-01 19:00:00)",78.53
B,3,"[2016-10-02 08:00:00,2016-10-02 08:20:00)",96.66
B,3,"[2016-10-02 08:20:00,2016-10-02 08:40:00)",70.49
B,3,"[2016-10-02 08:40:00,2016-10-02 09:00:00)",78.89
B,3,"[2016-10-02 09:00:00,2016-10-02 09:20:00)",106.14
B,3,"[2016-10-02 09:20:00,2016-10-02 09:40:00)",139.37
B,3,"[2016-10-02 09:40:00,2016-10-02 10:00:00)",87.78
B,3,"[2016-10-02 17:00:00,2016-10-02 17:20:00)",98.36
B,3,"[2016-10-02 17:20:00,2016-10-02 17:40:00)",103.73
B,3,"[2016-10-02 17:40:00,2016-10-02 18:00:00)",119.35
B,3,"[2016-10-02 18:00:00,2016-10-02 18:20:00)",92.42
B,3,"[2016-10-02 18:20:00,2016-10-02 18:40:00)",129.97
B,3,"[2016-10-02 18:40:00,2016-10-02 19:00:00)",85.3
B,3,"[2016-10-03 08:00:00,2016-10-03 08:20:00)",79.14
B,3,"[2016-10-03 08:20:00,2016-10-03 08:40:00)",89.91
B,3,"[2016-10-03 08:40:00,2016-10-03 09:00:00)",109.02
B,3,"[2016-10-03 09:00:00,2016-10-03 09:20:00)",102.9
B,3,"[2016-10-03 09:20:00,2016-10-03 09:40:00)",112.47
B,3,"[2016-10-03 09:40:00,2016-10-03 10:00:00)",97.4
B,3,"[2016-10-03 17:00:00,2016-10-03 17:20:00)",87.44
B,3,"[2016-10-03 17:20:00,2016-10-03 17:40:00)",142.91
B,3,"[2016-10-03 17:40:00,2016-10-03 18:00:00)",90.74
B,3,"[2016-10-03 18:00:00,2016-10-03 18:20:00)",140.79
B,3,"[2016-10-03 18:20:00,2016-10-03 18:40:00)",92.93
B,3,"[2016-10-03 18:40:00,2016-10-03 19:00:00)",143.18
B,3,"[2016-10-04 08:00:00,2016-10-04 08:20:00)",80.42
B,3,"[2016-10-04 08:20:00,2016-10-04 08:40:00)",90.24
B,3,"[2016-10-04 08:40:00,2016-10-04 09:00:00)",88.44
B,3,"[2016-10-04 09:00:00,2016-10-04 09:20:00)",78.23
B,3,"[2016-10-04 09:20:00,2016-10-04 09:40:00)",151.57
B,3,"[2016-10-04 09:40:00,2016-10-04 10:00:00)",66.46
B,3,"[2016-10-04 17:00:00,2016-10-04 17:20:00)",89.92
B,3,"[2016-10-04 17:20:00,2016-10-04 17:40:00)",116.95
B,3,"[2016-10-04 17:40:00,2016-10-04 18:00:00)",109.88
B,3,"[2016-10-04 18:00:00,2016-10-04 18:20:00)",98.24
B,3,"[2016-10-04 18:20:00,2016-10-04 18:40:00)",98.05
B,3,"[2016-10-04 18:40:00,2016-10-04 19:00:00)",126.51
B,3,"[2016-10-05 08:00:00,2016-10-05 08:20:00)",78.11
B,3,"[2016-10-05 08:20:00,2016-10-05 08:40:00)",100.17
B,3,"[2016-10-05 08:40:00,2016-10-05 09:00:00)",65.42
B,3,"[2016-10-05 09:00:00,2016-10-05 09:20:00)",80.78
B,3,"[2016-10-05 09:20:00,2016-10-05 09:40:00)",93.33
B,3,"[2016-10-05 09:40:00,2016-10-05 10:00:00)",111.12
B,3,"[2016-10-05 17:00:00,2016-10-05 17:20:00)",133.03
B,3,"[2016-10-05 17:20:00,2016-10-05 17:40:00)",106.31
B,3,"[2016-10-05 17:40:00,2016-10-05 18:00:00)",147.96
B,3,"[2016-10-05 18:00:00,2016-10-05 18:20:00)",112.4
B,3,"[2016-10-05 18:20:00,2016-10-05 18:40:00)",114.81
B,3,"[2016-10-05 18:40:00,2016-10-05 19:00:00)",82.89
B,3,"[2016-10-06 08:00:00,2016-10-06 08:20:00)",115.71
B,3,"[2016-10-06 08:20:00,2016-10-06 08:40:00)",75.53
B,3,"[2016-10-06 08:40:00,2016-10-06 09:00:00)",109.86
B,3,"[2016-10-06 09:00:00,2016-10-06 09:20:00)",83.67
B,3,"[2016-10-06 09:20:00,2016-10-06 09:40:00)",79.84
B,3,"[2016-10-06 09:40:00,2016-10-06 10:00:00)",102.2
B,3,"[2016-10-06 17:00:00,2016-10-06 17:20:00)",109.97
B,3,"[2016-10-06 17:20:00,2016-10-06 17:40:00)",96.53
B,3,"[2016-10-06 17:40:00,2016-10-06 18:00:00)",85.48
B,3,"[2016-10-06 18:00:00,2016-10-06 18:20:00)",108.13
B,3,"[2016-10-06 18:20:00,2016-10-06 18:40:00)",85.11
B,3,"[2016-10-06 18:40:00,2016-10-06 19:00:00)",79.1
B,3,"[2016-10-07 08:00:00,2016-10-07 08:20:00)",40.06
B,3,"[2016-10-07 08:20:00,2016-10-07 08:40:00)",89.1
B,3,"[2016-10-07 08:40:00,2016-10-07 09:00:00)",77.66
B,3,"[2016-10-07 09:00:00,2016-10-07 09:20:00)",157.93
B,3,"[2016-10-07 09:20:00,2016-10-07 09:40:00)",126.91
B,3,"[2016-10-07 09:40:00,2016-10-07 10:00:00)",100.11
B,3,"[2016-10-07 17:00:00,2016-10-07 17:20:00)",134.79
B,3,"[2016-10-07 17:20:00,2016-10-07 17:40:00)",97.35
B,3,"[2016-10-07 17:40:00,2016-10-07 18:00:00)",122.73
B,3,"[2016-10-07 18:00:00,2016-10-07 18:20:00)",90.79
B,3,"[2016-10-07 18:20:00,2016-10-07 18:40:00)",110.01
B,3,"[2016-10-07 18:40:00,2016-10-07 19:00:00)",133.48
B,3,"[2016-10-08 08:00:00,2016-10-08 08:20:00)",113.65
B,3,"[2016-10-08 08:20:00,2016-10-08 08:40:00)",80.36
B,3,"[2016-10-08 08:40:00,2016-10-08 09:00:00)",116.37
B,3,"[2016-10-08 09:00:00,2016-10-08 09:20:00)",102.85
B,3,"[2016-10-08 09:20:00,2016-10-08 09:40:00)",127.27
B,3,"[2016-10-08 09:40:00,2016-10-08 10:00:00)",81.87
B,3,"[2016-10-08 17:00:00,2016-10-08 17:20:00)",90.84
B,3,"[2016-10-08 17:20:00,2016-10-08 17:40:00)",101.24
B,3,"[2016-10-08 17:40:00,2016-10-08 18:00:00)",90.81
B,3,"[2016-10-08 18:00:00,2016-10-08 18:20:00)",95.23
B,3,"[2016-10-08 18:20:00,2016-10-08 18:40:00)",49.295
B,3,"[2016-10-08 18:40:00,2016-10-08 19:00:00)",114.18
B,3,"[2016-10-09 08:00:00,2016-10-09 08:20:00)",102.75
B,3,"[2016-10-09 08:20:00,2016-10-09 08:40:00)",131.35
B,3,"[2016-10-09 08:40:00,2016-10-09 09:00:00)",85.02
B,3,"[2016-10-09 09:00:00,2016-10-09 09:20:00)",127.37
B,3,"[2016-10-09 09:20:00,2016-10-09 09:40:00)",95.5
B,3,"[2016-10-09 09:40:00,2016-10-09 10:00:00)",70.39
B,3,"[2016-10-09 17:00:00,2016-10-09 17:20:00)",59.2
B,3,"[2016-10-09 17:20:00,2016-10-09 17:40:00)",37.99
B,3,"[2016-10-09 17:40:00,2016-10-09 18:00:00)",86.44
B,3,"[2016-10-09 18:00:00,2016-10-09 18:20:00)",84.43
B,3,"[2016-10-09 18:20:00,2016-10-09 18:40:00)",163.7
B,3,"[2016-10-09 18:40:00,2016-10-09 19:00:00)",116.46
B,3,"[2016-10-10 08:00:00,2016-10-10 08:20:00)",112.91
B,3,"[2016-10-10 08:20:00,2016-10-10 08:40:00)",127.14
B,3,"[2016-10-10 08:40:00,2016-10-10 09:00:00)",132.16
B,3,"[2016-10-10 09:00:00,2016-10-10 09:20:00)",127.34
B,3,"[2016-10-10 09:20:00,2016-10-10 09:40:00)",85.84
B,3,"[2016-10-10 09:40:00,2016-10-10 10:00:00)",113.07
B,3,"[2016-10-10 17:00:00,2016-10-10 17:20:00)",66.33
B,3,"[2016-10-10 17:20:00,2016-10-10 17:40:00)",99.53
B,3,"[2016-10-10 17:40:00,2016-10-10 18:00:00)",96.32
B,3,"[2016-10-10 18:00:00,2016-10-10 18:20:00)",123.44
B,3,"[2016-10-10 18:20:00,2016-10-10 18:40:00)",89.56
B,3,"[2016-10-10 18:40:00,2016-10-10 19:00:00)",102.36
B,3,"[2016-10-11 08:00:00,2016-10-11 08:20:00)",142.52
B,3,"[2016-10-11 08:20:00,2016-10-11 08:40:00)",93
B,3,"[2016-10-11 08:40:00,2016-10-11 09:00:00)",136.49
B,3,"[2016-10-11 09:00:00,2016-10-11 09:20:00)",96.54
B,3,"[2016-10-11 09:20:00,2016-10-11 09:40:00)",104.09
B,3,"[2016-10-11 09:40:00,2016-10-11 10:00:00)",133.37
B,3,"[2016-10-11 17:00:00,2016-10-11 17:20:00)",73.86
B,3,"[2016-10-11 17:20:00,2016-10-11 17:40:00)",103.08
B,3,"[2016-10-11 17:40:00,2016-10-11 18:00:00)",76.11
B,3,"[2016-10-11 18:00:00,2016-10-11 18:20:00)",113.66
B,3,"[2016-10-11 18:20:00,2016-10-11 18:40:00)",64.97
B,3,"[2016-10-11 18:40:00,2016-10-11 19:00:00)",89.14
B,3,"[2016-10-12 08:00:00,2016-10-12 08:20:00)",84.05
B,3,"[2016-10-12 08:20:00,2016-10-12 08:40:00)",156.47
B,3,"[2016-10-12 08:40:00,2016-10-12 09:00:00)",207.03
B,3,"[2016-10-12 09:00:00,2016-10-12 09:20:00)",117.82
B,3,"[2016-10-12 09:20:00,2016-10-12 09:40:00)",168.48
B,3,"[2016-10-12 09:40:00,2016-10-12 10:00:00)",156.67
B,3,"[2016-10-12 17:00:00,2016-10-12 17:20:00)",82.37
B,3,"[2016-10-12 17:20:00,2016-10-12 17:40:00)",93.1
B,3,"[2016-10-12 17:40:00,2016-10-12 18:00:00)",103.29
B,3,"[2016-10-12 18:00:00,2016-10-12 18:20:00)",160.28
B,3,"[2016-10-12 18:20:00,2016-10-12 18:40:00)",87.5
B,3,"[2016-10-12 18:40:00,2016-10-12 19:00:00)",70.59
B,3,"[2016-10-13 08:00:00,2016-10-13 08:20:00)",113.2
B,3,"[2016-10-13 08:20:00,2016-10-13 08:40:00)",82.62
B,3,"[2016-10-13 08:40:00,2016-10-13 09:00:00)",123.73
B,3,"[2016-10-13 09:00:00,2016-10-13 09:20:00)",161.08
B,3,"[2016-10-13 09:20:00,2016-10-13 09:40:00)",67.84
B,3,"[2016-10-13 09:40:00,2016-10-13 10:00:00)",107.55
B,3,"[2016-10-13 17:00:00,2016-10-13 17:20:00)",93.68
B,3,"[2016-10-13 17:20:00,2016-10-13 17:40:00)",128.58
B,3,"[2016-10-13 17:40:00,2016-10-13 18:00:00)",82.83
B,3,"[2016-10-13 18:00:00,2016-10-13 18:20:00)",87.9
B,3,"[2016-10-13 18:20:00,2016-10-13 18:40:00)",100.56
B,3,"[2016-10-13 18:40:00,2016-10-13 19:00:00)",118.95
B,3,"[2016-10-14 08:00:00,2016-10-14 08:20:00)",92.41
B,3,"[2016-10-14 08:20:00,2016-10-14 08:40:00)",93.02
B,3,"[2016-10-14 08:40:00,2016-10-14 09:00:00)",101.47
B,3,"[2016-10-14 09:00:00,2016-10-14 09:20:00)",71.6
B,3,"[2016-10-14 09:20:00,2016-10-14 09:40:00)",81.46
B,3,"[2016-10-14 09:40:00,2016-10-14 10:00:00)",97.89
B,3,"[2016-10-14 17:00:00,2016-10-14 17:20:00)",92.29
B,3,"[2016-10-14 17:20:00,2016-10-14 17:40:00)",92.6
B,3,"[2016-10-14 17:40:00,2016-10-14 18:00:00)",214.33
B,3,"[2016-10-14 18:00:00,2016-10-14 18:20:00)",123.97
B,3,"[2016-10-14 18:20:00,2016-10-14 18:40:00)",117.58
B,3,"[2016-10-14 18:40:00,2016-10-14 19:00:00)",114.08
B,3,"[2016-10-15 08:00:00,2016-10-15 08:20:00)",85.19
B,3,"[2016-10-15 08:20:00,2016-10-15 08:40:00)",102.03
B,3,"[2016-10-15 08:40:00,2016-10-15 09:00:00)",84.55
B,3,"[2016-10-15 09:00:00,2016-10-15 09:20:00)",96.33
B,3,"[2016-10-15 09:20:00,2016-10-15 09:40:00)",98.87
B,3,"[2016-10-15 09:40:00,2016-10-15 10:00:00)",101.59
B,3,"[2016-10-15 17:00:00,2016-10-15 17:20:00)",180.57
B,3,"[2016-10-15 17:20:00,2016-10-15 17:40:00)",143.56
B,3,"[2016-10-15 17:40:00,2016-10-15 18:00:00)",116.47
B,3,"[2016-10-15 18:00:00,2016-10-15 18:20:00)",92.53
B,3,"[2016-10-15 18:20:00,2016-10-15 18:40:00)",39.24
B,3,"[2016-10-15 18:40:00,2016-10-15 19:00:00)",152.88
B,3,"[2016-10-16 08:00:00,2016-10-16 08:20:00)",93.91
B,3,"[2016-10-16 08:20:00,2016-10-16 08:40:00)",98.29
B,3,"[2016-10-16 08:40:00,2016-10-16 09:00:00)",98.74
B,3,"[2016-10-16 09:00:00,2016-10-16 09:20:00)",118.06
B,3,"[2016-10-16 09:20:00,2016-10-16 09:40:00)",80.88
B,3,"[2016-10-16 09:40:00,2016-10-16 10:00:00)",94.94
B,3,"[2016-10-16 17:00:00,2016-10-16 17:20:00)",81.78
B,3,"[2016-10-16 17:20:00,2016-10-16 17:40:00)",117.52
B,3,"[2016-10-16 17:40:00,2016-10-16 18:00:00)",110.75
B,3,"[2016-10-16 18:00:00,2016-10-16 18:20:00)",110.04
B,3,"[2016-10-16 18:20:00,2016-10-16 18:40:00)",104.61
B,3,"[2016-10-16 18:40:00,2016-10-16 19:00:00)",127.13
B,3,"[2016-10-17 08:00:00,2016-10-17 08:20:00)",147.11
B,3,"[2016-10-17 08:20:00,2016-10-17 08:40:00)",118.52
B,3,"[2016-10-17 08:40:00,2016-10-17 09:00:00)",107.93
B,3,"[2016-10-17 09:00:00,2016-10-17 09:20:00)",90.51
B,3,"[2016-10-17 09:20:00,2016-10-17 09:40:00)",149.29
B,3,"[2016-10-17 09:40:00,2016-10-17 10:00:00)",120.32
B,3,"[2016-10-17 17:00:00,2016-10-17 17:20:00)",66.33
B,3,"[2016-10-17 17:20:00,2016-10-17 17:40:00)",118.25
B,3,"[2016-10-17 17:40:00,2016-10-17 18:00:00)",102.55
B,3,"[2016-10-17 18:00:00,2016-10-17 18:20:00)",123.44
B,3,"[2016-10-17 18:20:00,2016-10-17 18:40:00)",83.02
B,3,"[2016-10-17 18:40:00,2016-10-17 19:00:00)",75.86
